timestamp,occupied,capacity,available,occupancy_pct,hour,day_of_week,is_weekend,is_peak_hour,lag1,lag2,lag4,roll4,available_15,available_30,available_45,available_60
2016-10-04 08:45:00,80.0,577,497.0,13.864818024263432,8.75,1,0,1,505.0,513.0,516.0,512.125,488.0,479.0,470.0,427.0
2016-10-04 09:00:00,89.0,577,488.0,15.424610051993067,9.0,1,0,1,497.0,505.0,514.5,507.375,479.0,470.0,427.0,413.5
2016-10-04 09:15:00,98.0,577,479.0,16.984402079722706,9.25,1,0,1,488.0,497.0,513.0,500.75,470.0,427.0,413.5,400.0
2016-10-04 09:30:00,107.0,577,470.0,18.544194107452338,9.5,1,0,1,479.0,488.0,505.0,492.25,427.0,413.5,400.0,379.0
2016-10-04 09:45:00,150.0,577,427.0,25.99653379549394,9.75,1,0,1,470.0,479.0,497.0,483.5,413.5,400.0,379.0,358.0
2016-10-04 10:00:00,163.5,577,413.5,28.336221837088388,10.0,1,0,1,427.0,470.0,488.0,466.0,400.0,379.0,358.0,344.0
2016-10-04 10:15:00,177.0,577,400.0,30.675909878682845,10.25,1,0,0,413.5,427.0,479.0,447.375,379.0,358.0,344.0,330.0
2016-10-04 10:30:00,198.0,577,379.0,34.31542461005199,10.5,1,0,0,400.0,413.5,470.0,427.625,358.0,344.0,330.0,324.0
2016-10-04 10:45:00,219.0,577,358.0,37.954939341421145,10.75,1,0,0,379.0,400.0,427.0,404.875,344.0,330.0,324.0,318.0
2016-10-04 11:00:00,233.0,577,344.0,40.38128249566724,11.0,1,0,0,358.0,379.0,413.5,387.625,330.0,324.0,318.0,314.5
2016-10-04 11:15:00,247.0,577,330.0,42.80762564991335,11.25,1,0,0,344.0,358.0,400.0,370.25,324.0,318.0,314.5,311.0
2016-10-04 11:30:00,253.0,577,324.0,43.84748700173311,11.5,1,0,0,330.0,344.0,379.0,352.75,318.0,314.5,311.0,310.0
2016-10-04 11:45:00,259.0,577,318.0,44.88734835355286,11.75,1,0,0,324.0,330.0,358.0,339.0,314.5,311.0,310.0,309.0
2016-10-04 12:00:00,262.5,577,314.5,45.493934142114384,12.0,1,0,0,318.0,324.0,344.0,329.0,311.0,310.0,309.0,308.0
2016-10-04 12:15:00,266.0,577,311.0,46.10051993067591,12.25,1,0,0,314.5,318.0,330.0,321.625,310.0,309.0,308.0,314.0
2016-10-04 12:30:00,267.0,577,310.0,46.2738301559792,12.5,1,0,0,311.0,314.5,324.0,316.875,309.0,308.0,314.0,322.33333333333337
2016-10-04 12:45:00,268.0,577,309.0,46.447140381282495,12.75,1,0,0,310.0,311.0,318.0,313.375,308.0,314.0,322.33333333333337,330.66666666666663
2016-10-04 13:00:00,269.0,577,308.0,46.62045060658579,13.0,1,0,0,309.0,310.0,314.5,311.125,314.0,322.33333333333337,330.66666666666663,339.0
2016-10-04 13:15:00,263.0,577,314.0,45.58058925476603,13.25,1,0,0,308.0,309.0,311.0,309.5,322.33333333333337,330.66666666666663,339.0,362.0
2016-10-04 13:30:00,254.66666666666666,577,322.33333333333337,44.13633737723859,13.5,1,0,0,314.0,308.0,310.0,310.25,330.66666666666663,339.0,362.0,373.5
2016-10-04 13:45:00,246.33333333333334,577,330.66666666666663,42.692085499711155,13.75,1,0,0,322.33333333333337,314.0,309.0,313.33333333333337,339.0,362.0,373.5,385.0
2016-10-04 14:00:00,238.0,577,339.0,41.24783362218371,14.0,1,0,0,330.66666666666663,322.33333333333337,308.0,318.75,362.0,373.5,385.0,394.0
2016-10-04 14:15:00,215.0,577,362.0,37.26169844020797,14.25,1,0,0,339.0,330.66666666666663,314.0,326.5,373.5,385.0,394.0,403.0
2016-10-04 14:30:00,203.5,577,373.5,35.26863084922011,14.5,1,0,0,362.0,339.0,322.33333333333337,338.5,385.0,394.0,403.0,412.0
2016-10-04 14:45:00,192.0,577,385.0,33.27556325823224,14.75,1,0,0,373.5,362.0,330.66666666666663,351.29166666666663,394.0,403.0,412.0,413.5
2016-10-04 15:00:00,183.0,577,394.0,31.715771230502597,15.0,1,0,0,385.0,373.5,339.0,364.875,403.0,412.0,413.5,415.0
2016-10-04 15:15:00,174.0,577,403.0,30.155979202772965,15.25,1,0,0,394.0,385.0,362.0,378.625,412.0,413.5,415.0,424.5
2016-10-04 15:30:00,165.0,577,412.0,28.596187175043326,15.5,1,0,0,403.0,394.0,373.5,388.875,413.5,415.0,424.5,434.0
2016-10-04 15:45:00,163.5,577,413.5,28.336221837088388,15.75,1,0,0,412.0,403.0,385.0,398.5,415.0,424.5,434.0,435.45901639344265
2016-10-04 16:00:00,162.0,577,415.0,28.07625649913345,16.0,1,0,0,413.5,412.0,394.0,405.625,424.5,434.0,435.45901639344265,436.91803278688525
2016-10-05 08:45:00,65.0,577,512.0,11.265164644714037,8.75,2,0,1,518.0,519.6666666666666,523.0,520.5,506.0,500.0,494.0,478.5
2016-10-05 09:00:00,71.0,577,506.0,12.305025996533796,9.0,2,0,1,512.0,518.0,521.3333333333334,517.75,500.0,494.0,478.5,463.0
2016-10-05 09:15:00,77.0,577,500.0,13.344887348353554,9.25,2,0,1,506.0,512.0,519.6666666666666,513.9166666666666,494.0,478.5,463.0,456.0
2016-10-05 09:30:00,83.0,577,494.0,14.384748700173311,9.5,2,0,1,500.0,506.0,518.0,509.0,478.5,463.0,456.0,449.0
2016-10-05 09:45:00,98.5,577,478.5,17.07105719237435,9.75,2,0,1,494.0,500.0,512.0,503.0,463.0,456.0,449.0,439.0
2016-10-05 10:00:00,114.0,577,463.0,19.75736568457539,10.0,2,0,1,478.5,494.0,506.0,494.625,456.0,449.0,439.0,429.0
2016-10-05 10:15:00,121.0,577,456.0,20.97053726169844,10.25,2,0,0,463.0,478.5,500.0,483.875,449.0,439.0,429.0,422.0
2016-10-05 10:30:00,128.0,577,449.0,22.183708838821488,10.5,2,0,0,456.0,463.0,494.0,472.875,439.0,429.0,422.0,415.0
2016-10-05 10:45:00,138.0,577,439.0,23.91681109185442,10.75,2,0,0,449.0,456.0,478.5,461.625,429.0,422.0,415.0,407.0
2016-10-05 11:00:00,148.0,577,429.0,25.64991334488735,11.0,2,0,0,439.0,449.0,463.0,451.75,422.0,415.0,407.0,399.0
2016-10-05 11:15:00,155.0,577,422.0,26.8630849220104,11.25,2,0,0,429.0,439.0,456.0,443.25,415.0,407.0,399.0,396.5
2016-10-05 11:30:00,162.0,577,415.0,28.07625649913345,11.5,2,0,0,422.0,429.0,449.0,434.75,407.0,399.0,396.5,394.0
2016-10-05 11:45:00,170.0,577,407.0,29.462738301559792,11.75,2,0,0,415.0,422.0,439.0,426.25,399.0,396.5,394.0,402.0
2016-10-05 12:00:00,178.0,577,399.0,30.849220103986134,12.0,2,0,0,407.0,415.0,429.0,418.25,396.5,394.0,402.0,400.66666666666663
2016-10-05 12:15:00,180.5,577,396.5,31.28249566724437,12.25,2,0,0,399.0,407.0,422.0,410.75,394.0,402.0,400.66666666666663,399.33333333333337
2016-10-05 12:30:00,183.0,577,394.0,31.715771230502597,12.5,2,0,0,396.5,399.0,415.0,404.375,402.0,400.66666666666663,399.33333333333337,398.0
2016-10-05 12:45:00,175.0,577,402.0,30.329289428076255,12.75,2,0,0,394.0,396.5,407.0,399.125,400.66666666666663,399.33333333333337,398.0,403.0
2016-10-05 13:00:00,176.33333333333334,577,400.66666666666663,30.560369728480648,13.0,2,0,0,402.0,394.0,399.0,397.875,399.33333333333337,398.0,403.0,408.33333333333337
2016-10-05 13:15:00,177.66666666666666,577,399.33333333333337,30.791450028885038,13.25,2,0,0,400.66666666666663,402.0,396.5,398.29166666666663,398.0,403.0,408.33333333333337,413.66666666666663
2016-10-05 13:30:00,179.0,577,398.0,31.022530329289427,13.5,2,0,0,399.33333333333337,400.66666666666663,394.0,399.0,403.0,408.33333333333337,413.66666666666663,419.0
2016-10-05 13:45:00,174.0,577,403.0,30.155979202772965,13.75,2,0,0,398.0,399.33333333333337,402.0,400.0,408.33333333333337,413.66666666666663,419.0,432.0
2016-10-05 14:00:00,168.66666666666666,577,408.33333333333337,29.2316580011554,14.0,2,0,0,403.0,398.0,400.66666666666663,400.25,413.66666666666663,419.0,432.0,437.33333333333337
2016-10-05 14:15:00,163.33333333333334,577,413.66666666666663,28.30733679953784,14.25,2,0,0,408.33333333333337,403.0,399.33333333333337,402.16666666666674,419.0,432.0,437.33333333333337,442.66666666666663
2016-10-05 14:30:00,158.0,577,419.0,27.38301559792028,14.5,2,0,0,413.66666666666663,408.33333333333337,398.0,405.75,432.0,437.33333333333337,442.66666666666663,448.0
2016-10-05 14:45:00,145.0,577,432.0,25.12998266897747,14.75,2,0,0,419.0,413.66666666666663,403.0,411.0,437.33333333333337,442.66666666666663,448.0,452.0
2016-10-05 15:00:00,139.66666666666666,577,437.33333333333337,24.205661467359906,15.0,2,0,0,432.0,419.0,408.33333333333337,418.25,442.66666666666663,448.0,452.0,456.0
2016-10-05 15:15:00,134.33333333333334,577,442.66666666666663,23.281340265742347,15.25,2,0,0,437.33333333333337,432.0,413.66666666666663,425.5,448.0,452.0,456.0,459.5
2016-10-05 15:30:00,129.0,577,448.0,22.357019064124785,15.5,2,0,0,442.66666666666663,437.33333333333337,419.0,432.75,452.0,456.0,459.5,463.0
2016-10-05 15:45:00,125.0,577,452.0,21.663778162911612,15.75,2,0,0,448.0,442.66666666666663,432.0,440.0,456.0,459.5,463.0,463.91803278688525
2016-10-05 16:00:00,121.0,577,456.0,20.97053726169844,16.0,2,0,0,452.0,448.0,437.33333333333337,445.0,459.5,463.0,463.91803278688525,464.8360655737705
2016-10-06 08:45:00,70.0,577,507.0,12.131715771230503,8.75,3,0,1,514.0,515.6666666666666,519.0,516.5,498.6666666666667,490.3333333333333,482.0,462.0
2016-10-06 09:00:00,78.33333333333333,577,498.6666666666667,13.575967648757942,9.0,3,0,1,507.0,514.0,517.3333333333334,513.5,490.3333333333333,482.0,462.0,442.0
2016-10-06 09:15:00,86.66666666666667,577,490.3333333333333,15.020219526285386,9.25,3,0,1,498.6666666666667,507.0,515.6666666666666,508.8333333333333,482.0,462.0,442.0,429.5
2016-10-06 09:30:00,95.0,577,482.0,16.464471403812826,9.5,3,0,1,490.3333333333333,498.6666666666667,514.0,502.5,462.0,442.0,429.5,417.0
2016-10-06 09:45:00,115.0,577,462.0,19.930675909878683,9.75,3,0,1,482.0,490.3333333333333,507.0,494.5,442.0,429.5,417.0,400.0
2016-10-06 10:00:00,135.0,577,442.0,23.39688041594454,10.0,3,0,1,462.0,482.0,498.6666666666667,483.25,429.5,417.0,400.0,395.33333333333337
2016-10-06 10:15:00,147.5,577,429.5,25.563258232235704,10.25,3,0,0,442.0,462.0,490.3333333333333,469.0833333333333,417.0,400.0,395.33333333333337,390.66666666666663
2016-10-06 10:30:00,160.0,577,417.0,27.729636048526864,10.5,3,0,0,429.5,442.0,482.0,453.875,400.0,395.33333333333337,390.66666666666663,386.0
2016-10-06 10:45:00,177.0,577,400.0,30.675909878682845,10.75,3,0,0,417.0,429.5,462.0,437.625,395.33333333333337,390.66666666666663,386.0,382.0
2016-10-06 11:00:00,181.66666666666666,577,395.33333333333337,31.484690930098207,11.0,3,0,0,400.0,417.0,442.0,422.125,390.66666666666663,386.0,382.0,378.0
2016-10-06 11:15:00,186.33333333333334,577,390.66666666666663,32.29347198151358,11.25,3,0,0,395.33333333333337,400.0,429.5,410.45833333333337,386.0,382.0,378.0,374.5
2016-10-06 11:30:00,191.0,577,386.0,33.10225303292894,11.5,3,0,0,390.66666666666663,395.33333333333337,417.0,400.75,382.0,378.0,374.5,371.0
2016-10-06 11:45:00,195.0,577,382.0,33.795493934142115,11.75,3,0,0,386.0,390.66666666666663,400.0,393.0,378.0,374.5,371.0,379.0
2016-10-06 12:00:00,199.0,577,378.0,34.48873483535528,12.0,3,0,0,382.0,386.0,395.33333333333337,388.5,374.5,371.0,379.0,375.66666666666663
2016-10-06 12:15:00,202.5,577,374.5,35.09532062391681,12.25,3,0,0,378.0,382.0,390.66666666666663,384.16666666666663,371.0,379.0,375.66666666666663,372.33333333333337
2016-10-06 12:30:00,206.0,577,371.0,35.70190641247834,12.5,3,0,0,374.5,378.0,386.0,380.125,379.0,375.66666666666663,372.33333333333337,369.0
2016-10-06 12:45:00,198.0,577,379.0,34.31542461005199,12.75,3,0,0,371.0,374.5,382.0,376.375,375.66666666666663,372.33333333333337,369.0,377.0
2016-10-06 13:00:00,201.33333333333334,577,375.66666666666663,34.89312536106297,13.0,3,0,0,379.0,371.0,378.0,375.625,372.33333333333337,369.0,377.0,385.33333333333337
2016-10-06 13:15:00,204.66666666666666,577,372.33333333333337,35.470826112073944,13.25,3,0,0,375.66666666666663,379.0,374.5,375.04166666666663,369.0,377.0,385.33333333333337,393.66666666666663
2016-10-06 13:30:00,208.0,577,369.0,36.04852686308492,13.5,3,0,0,372.33333333333337,375.66666666666663,371.0,374.5,377.0,385.33333333333337,393.66666666666663,402.0
2016-10-06 13:45:00,200.0,577,377.0,34.66204506065858,13.75,3,0,0,369.0,372.33333333333337,379.0,374.0,385.33333333333337,393.66666666666663,402.0,410.5
2016-10-06 14:00:00,191.66666666666666,577,385.33333333333337,33.217793183131135,14.0,3,0,0,377.0,369.0,375.66666666666663,373.5,393.66666666666663,402.0,410.5,419.0
2016-10-06 14:15:00,183.33333333333334,577,393.66666666666663,31.773541305603697,14.25,3,0,0,385.33333333333337,377.0,372.33333333333337,375.91666666666674,402.0,410.5,419.0,421.5
2016-10-06 14:30:00,175.0,577,402.0,30.329289428076255,14.5,3,0,0,393.66666666666663,385.33333333333337,369.0,381.25,410.5,419.0,421.5,424.0
2016-10-06 14:45:00,166.5,577,410.5,28.856152512998268,14.75,3,0,0,402.0,393.66666666666663,377.0,389.5,419.0,421.5,424.0,433.0
2016-10-06 15:00:00,158.0,577,419.0,27.38301559792028,15.0,3,0,0,410.5,402.0,385.33333333333337,397.875,421.5,424.0,433.0,442.0
2016-10-06 15:15:00,155.5,577,421.5,26.949740034662046,15.25,3,0,0,419.0,410.5,393.66666666666663,406.29166666666663,424.0,433.0,442.0,445.0
2016-10-06 15:30:00,153.0,577,424.0,26.51646447140381,15.5,3,0,0,421.5,419.0,402.0,413.25,433.0,442.0,445.0,448.0
2016-10-06 15:45:00,144.0,577,433.0,24.956672443674176,15.75,3,0,0,424.0,421.5,410.5,418.75,442.0,445.0,448.0,449.14516129032256
2016-10-06 16:00:00,135.0,577,442.0,23.39688041594454,16.0,3,0,0,433.0,424.0,419.0,424.375,445.0,448.0,449.14516129032256,450.2903225806452
2016-10-07 09:00:00,75.0,577,502.0,12.99826689774697,9.0,4,0,1,509.0,516.0,519.0,515.375,488.0,474.0,449.0,434.33333333333337
2016-10-07 09:15:00,89.0,577,488.0,15.424610051993067,9.25,4,0,1,502.0,509.0,517.5,511.125,474.0,449.0,434.33333333333337,419.66666666666663
2016-10-07 09:30:00,103.0,577,474.0,17.85095320623917,9.5,4,0,1,488.0,502.0,516.0,503.75,449.0,434.33333333333337,419.66666666666663,405.0
2016-10-07 09:45:00,128.0,577,449.0,22.183708838821488,9.75,4,0,1,474.0,488.0,509.0,493.25,434.33333333333337,419.66666666666663,405.0,389.0
2016-10-07 10:00:00,142.66666666666666,577,434.33333333333337,24.725592143269782,10.0,4,0,1,449.0,474.0,502.0,478.25,419.66666666666663,405.0,389.0,385.33333333333337
2016-10-07 10:15:00,157.33333333333334,577,419.66666666666663,27.26747544771808,10.25,4,0,0,434.33333333333337,449.0,488.0,461.33333333333337,405.0,389.0,385.33333333333337,381.66666666666663
2016-10-07 10:30:00,172.0,577,405.0,29.809358752166375,10.5,4,0,0,419.66666666666663,434.33333333333337,474.0,444.25,389.0,385.33333333333337,381.66666666666663,378.0
2016-10-07 10:45:00,188.0,577,389.0,32.582322357019066,10.75,4,0,0,405.0,419.66666666666663,449.0,427.0,385.33333333333337,381.66666666666663,378.0,372.5
2016-10-07 11:00:00,191.66666666666666,577,385.33333333333337,33.217793183131135,11.0,4,0,0,389.0,405.0,434.33333333333337,412.0,381.66666666666663,378.0,372.5,367.0
2016-10-07 11:15:00,195.33333333333334,577,381.66666666666663,33.85326400924321,11.25,4,0,0,385.33333333333337,389.0,419.66666666666663,399.75,378.0,372.5,367.0,369.0
2016-10-07 11:30:00,199.0,577,378.0,34.48873483535528,11.5,4,0,0,381.66666666666663,385.33333333333337,405.0,390.25,372.5,367.0,369.0,371.0
2016-10-07 11:45:00,204.5,577,372.5,35.4419410745234,11.75,4,0,0,378.0,381.66666666666663,389.0,383.5,367.0,369.0,371.0,374.0
2016-10-07 12:00:00,210.0,577,367.0,36.3951473136915,12.0,4,0,0,372.5,378.0,385.33333333333337,379.375,369.0,371.0,374.0,377.0
2016-10-07 12:15:00,208.0,577,369.0,36.04852686308492,12.25,4,0,0,367.0,372.5,381.66666666666663,374.79166666666663,371.0,374.0,377.0,376.5
2016-10-07 12:30:00,206.0,577,371.0,35.70190641247834,12.5,4,0,0,369.0,367.0,378.0,371.625,374.0,377.0,376.5,376.0
2016-10-07 12:45:00,203.0,577,374.0,35.181975736568454,12.75,4,0,0,371.0,369.0,372.5,369.875,377.0,376.5,376.0,380.0
2016-10-07 13:00:00,200.0,577,377.0,34.66204506065858,13.0,4,0,0,374.0,371.0,367.0,370.25,376.5,376.0,380.0,384.0
2016-10-07 13:15:00,200.5,577,376.5,34.748700173310226,13.25,4,0,0,377.0,374.0,369.0,372.75,376.0,380.0,384.0,390.0
2016-10-07 13:30:00,201.0,577,376.0,34.835355285961874,13.5,4,0,0,376.5,377.0,371.0,374.625,380.0,384.0,390.0,396.0
2016-10-07 13:45:00,197.0,577,380.0,34.1421143847487,13.75,4,0,0,376.0,376.5,374.0,375.875,384.0,390.0,396.0,400.5
2016-10-07 14:00:00,193.0,577,384.0,33.44887348353553,14.0,4,0,0,380.0,376.0,377.0,377.375,390.0,396.0,400.5,405.0
2016-10-07 14:15:00,187.0,577,390.0,32.40901213171577,14.25,4,0,0,384.0,380.0,376.5,379.125,396.0,400.5,405.0,411.5
2016-10-07 14:30:00,181.0,577,396.0,31.369150779896017,14.5,4,0,0,390.0,384.0,376.0,382.5,400.5,405.0,411.5,418.0
2016-10-07 14:45:00,176.5,577,400.5,30.589254766031193,14.75,4,0,0,396.0,390.0,380.0,387.5,405.0,411.5,418.0,419.0
2016-10-07 15:00:00,172.0,577,405.0,29.809358752166375,15.0,4,0,0,400.5,396.0,384.0,392.625,411.5,418.0,419.0,427.66666666666663
2016-10-07 15:15:00,165.5,577,411.5,28.682842287694974,15.25,4,0,0,405.0,400.5,390.0,397.875,418.0,419.0,427.66666666666663,436.33333333333337
2016-10-07 15:30:00,159.0,577,418.0,27.55632582322357,15.5,4,0,0,411.5,405.0,396.0,403.25,419.0,427.66666666666663,436.33333333333337,445.0
2016-10-07 15:45:00,158.0,577,419.0,27.38301559792028,15.75,4,0,0,418.0,411.5,400.5,408.75,427.66666666666663,436.33333333333337,445.0,446.21311475409834
2016-10-07 16:00:00,149.33333333333334,577,427.66666666666663,25.88099364529174,16.0,4,0,0,419.0,418.0,405.0,413.375,436.33333333333337,445.0,446.21311475409834,447.4262295081967
2016-10-08 08:45:00,75.0,577,502.0,12.99826689774697,8.75,5,1,1,516.0,517.0,519.0,517.5,492.3333333333333,482.6666666666667,473.0,446.0
2016-10-08 09:00:00,84.66666666666667,577,492.3333333333333,14.673599075678801,9.0,5,1,1,502.0,516.0,518.0,513.25,482.6666666666667,473.0,446.0,419.0
2016-10-08 09:15:00,94.33333333333333,577,482.6666666666667,16.34893125361063,9.25,5,1,1,492.3333333333333,502.0,517.0,506.8333333333333,473.0,446.0,419.0,402.5
2016-10-08 09:30:00,104.0,577,473.0,18.02426343154246,9.5,5,1,1,482.6666666666667,492.3333333333333,516.0,498.25,446.0,419.0,402.5,386.0
2016-10-08 09:45:00,131.0,577,446.0,22.703639514731368,9.75,5,1,1,473.0,482.6666666666667,502.0,487.5,419.0,402.5,386.0,354.0
2016-10-08 10:00:00,158.0,577,419.0,27.38301559792028,10.0,5,1,1,446.0,473.0,492.3333333333333,473.5,402.5,386.0,354.0,343.66666666666663
2016-10-08 10:15:00,174.5,577,402.5,30.24263431542461,10.25,5,1,0,419.0,446.0,482.6666666666667,455.1666666666667,386.0,354.0,343.66666666666663,333.33333333333337
2016-10-08 10:30:00,191.0,577,386.0,33.10225303292894,10.5,5,1,0,402.5,419.0,473.0,435.125,354.0,343.66666666666663,333.33333333333337,323.0
2016-10-08 10:45:00,223.0,577,354.0,38.64818024263432,10.75,5,1,0,386.0,402.5,446.0,413.375,343.66666666666663,333.33333333333337,323.0,297.0
2016-10-08 11:00:00,233.33333333333334,577,343.66666666666663,40.43905257076834,11.0,5,1,0,354.0,386.0,419.0,390.375,333.33333333333337,323.0,297.0,271.0
2016-10-08 11:15:00,243.66666666666666,577,333.33333333333337,42.22992489890237,11.25,5,1,0,343.66666666666663,354.0,402.5,371.54166666666663,323.0,297.0,271.0,264.0
2016-10-08 11:30:00,254.0,577,323.0,44.0207972270364,11.5,5,1,0,333.33333333333337,343.66666666666663,386.0,354.25,297.0,271.0,264.0,257.0
2016-10-08 11:45:00,280.0,577,297.0,48.52686308492201,11.75,5,1,0,323.0,333.33333333333337,354.0,338.5,271.0,264.0,257.0,243.0
2016-10-08 12:00:00,306.0,577,271.0,53.03292894280762,12.0,5,1,0,297.0,323.0,343.66666666666663,324.25,264.0,257.0,243.0,229.0
2016-10-08 12:15:00,313.0,577,264.0,54.24610051993067,12.25,5,1,0,271.0,297.0,333.33333333333337,306.08333333333337,257.0,243.0,229.0,224.5
2016-10-08 12:30:00,320.0,577,257.0,55.45927209705373,12.5,5,1,0,264.0,271.0,323.0,288.75,243.0,229.0,224.5,220.0
2016-10-08 12:45:00,334.0,577,243.0,57.885615251299825,12.75,5,1,0,257.0,264.0,297.0,272.25,229.0,224.5,220.0,201.0
2016-10-08 13:00:00,348.0,577,229.0,60.31195840554593,13.0,5,1,0,243.0,257.0,271.0,258.75,224.5,220.0,201.0,182.0
2016-10-08 13:15:00,352.5,577,224.5,61.09185441941074,13.25,5,1,0,229.0,243.0,264.0,248.25,220.0,201.0,182.0,179.5
2016-10-08 13:30:00,357.0,577,220.0,61.871750433275565,13.5,5,1,0,224.5,229.0,257.0,238.375,201.0,182.0,179.5,177.0
2016-10-08 13:45:00,376.0,577,201.0,65.16464471403813,13.75,5,1,0,220.0,224.5,243.0,229.125,182.0,179.5,177.0,182.0
2016-10-08 14:00:00,395.0,577,182.0,68.4575389948007,14.0,5,1,0,201.0,220.0,229.0,218.625,179.5,177.0,182.0,178.33333333333331
2016-10-08 14:15:00,397.5,577,179.5,68.89081455805892,14.25,5,1,0,182.0,201.0,224.5,206.875,177.0,182.0,178.33333333333331,174.66666666666669
2016-10-08 14:30:00,400.0,577,177.0,69.32409012131716,14.5,5,1,0,179.5,182.0,220.0,195.625,182.0,178.33333333333331,174.66666666666669,171.0
2016-10-08 14:45:00,395.0,577,182.0,68.4575389948007,14.75,5,1,0,177.0,179.5,201.0,184.875,178.33333333333331,174.66666666666669,171.0,183.5
2016-10-08 15:00:00,398.6666666666667,577,178.33333333333331,69.09300982091277,15.0,5,1,0,182.0,177.0,182.0,180.125,174.66666666666669,171.0,183.5,196.0
2016-10-08 15:15:00,402.3333333333333,577,174.66666666666669,69.72848064702484,15.25,5,1,0,178.33333333333331,182.0,179.5,179.20833333333331,171.0,183.5,196.0,204.0
2016-10-08 15:30:00,406.0,577,171.0,70.36395147313691,15.5,5,1,0,174.66666666666669,178.33333333333331,177.0,178.0,183.5,196.0,204.0,212.0
2016-10-08 15:45:00,393.5,577,183.5,68.19757365684576,15.75,5,1,0,171.0,174.66666666666669,182.0,176.5,196.0,204.0,212.0,217.20967741935482
2016-10-08 16:00:00,381.0,577,196.0,66.03119584055459,16.0,5,1,0,183.5,171.0,178.33333333333331,176.875,204.0,212.0,217.20967741935482,222.4193548387097
2016-10-09 09:00:00,43.0,577,534.0,7.452339688041594,9.0,6,1,1,534.5,535.0,535.0,534.875,534.0,534.0,527.0,522.3333333333334
2016-10-09 09:15:00,43.0,577,534.0,7.452339688041594,9.25,6,1,1,534.0,534.5,535.0,534.625,534.0,527.0,522.3333333333334,517.6666666666666
2016-10-09 09:30:00,43.0,577,534.0,7.452339688041594,9.5,6,1,1,534.0,534.0,535.0,534.375,527.0,522.3333333333334,517.6666666666666,513.0
2016-10-09 09:45:00,50.0,577,527.0,8.665511265164644,9.75,6,1,1,534.0,534.0,534.5,534.125,522.3333333333334,517.6666666666666,513.0,495.0
2016-10-09 10:00:00,54.666666666666664,577,522.3333333333334,9.474292316580012,10.0,6,1,1,527.0,534.0,534.0,532.25,517.6666666666666,513.0,495.0,477.0
2016-10-09 10:15:00,59.333333333333336,577,517.6666666666666,10.283073367995378,10.25,6,1,0,522.3333333333334,527.0,534.0,529.3333333333334,513.0,495.0,477.0,464.0
2016-10-09 10:30:00,64.0,577,513.0,11.091854419410744,10.5,6,1,0,517.6666666666666,522.3333333333334,534.0,525.25,495.0,477.0,464.0,451.0
2016-10-09 10:45:00,82.0,577,495.0,14.211438474870016,10.75,6,1,0,513.0,517.6666666666666,527.0,520.0,477.0,464.0,451.0,429.0
2016-10-09 11:00:00,100.0,577,477.0,17.33102253032929,11.0,6,1,0,495.0,513.0,522.3333333333334,512.0,464.0,451.0,429.0,421.66666666666663
2016-10-09 11:15:00,113.0,577,464.0,19.584055459272097,11.25,6,1,0,477.0,495.0,517.6666666666666,500.66666666666663,451.0,429.0,421.66666666666663,414.33333333333337
2016-10-09 11:30:00,126.0,577,451.0,21.837088388214905,11.5,6,1,0,464.0,477.0,513.0,487.25,429.0,421.66666666666663,414.33333333333337,407.0
2016-10-09 11:45:00,148.0,577,429.0,25.64991334488735,11.75,6,1,0,451.0,464.0,495.0,471.75,421.66666666666663,414.33333333333337,407.0,397.5
2016-10-09 12:00:00,155.33333333333334,577,421.66666666666663,26.920854997111498,12.0,6,1,0,429.0,451.0,477.0,455.25,414.33333333333337,407.0,397.5,388.0
2016-10-09 12:15:00,162.66666666666666,577,414.33333333333337,28.191796649335643,12.25,6,1,0,421.66666666666663,429.0,464.0,441.41666666666663,407.0,397.5,388.0,380.0
2016-10-09 12:30:00,170.0,577,407.0,29.462738301559792,12.5,6,1,0,414.33333333333337,421.66666666666663,451.0,429.0,397.5,388.0,380.0,372.0
2016-10-09 12:45:00,179.5,577,397.5,31.109185441941072,12.75,6,1,0,407.0,414.33333333333337,429.0,418.0,388.0,380.0,372.0,370.5
2016-10-09 13:00:00,189.0,577,388.0,32.755632582322356,13.0,6,1,0,397.5,407.0,421.66666666666663,410.125,380.0,372.0,370.5,369.0
2016-10-09 13:15:00,197.0,577,380.0,34.1421143847487,13.25,6,1,0,388.0,397.5,414.33333333333337,401.70833333333337,372.0,370.5,369.0,368.5
2016-10-09 13:30:00,205.0,577,372.0,35.52859618717504,13.5,6,1,0,380.0,388.0,407.0,393.125,370.5,369.0,368.5,368.0
2016-10-09 13:45:00,206.5,577,370.5,35.78856152512998,13.75,6,1,0,372.0,380.0,397.5,384.375,369.0,368.5,368.0,377.0
2016-10-09 14:00:00,208.0,577,369.0,36.04852686308492,14.0,6,1,0,370.5,372.0,388.0,377.625,368.5,368.0,377.0,386.0
2016-10-09 14:15:00,208.5,577,368.5,36.13518197573657,14.25,6,1,0,369.0,370.5,380.0,372.875,368.0,377.0,386.0,391.5
2016-10-09 14:30:00,209.0,577,368.0,36.22183708838821,14.5,6,1,0,368.5,369.0,372.0,370.0,377.0,386.0,391.5,397.0
2016-10-09 14:45:00,200.0,577,377.0,34.66204506065858,14.75,6,1,0,368.0,368.5,370.5,369.0,386.0,391.5,397.0,409.5
2016-10-09 15:00:00,191.0,577,386.0,33.10225303292894,15.0,6,1,0,377.0,368.0,369.0,370.625,391.5,397.0,409.5,422.0
2016-10-09 15:15:00,185.5,577,391.5,32.14904679376083,15.25,6,1,0,386.0,377.0,368.5,374.875,397.0,409.5,422.0,433.0
2016-10-09 15:30:00,180.0,577,397.0,31.195840554592717,15.5,6,1,0,391.5,386.0,368.0,380.625,409.5,422.0,433.0,444.0
2016-10-09 15:45:00,167.5,577,409.5,29.02946273830156,15.75,6,1,0,397.0,391.5,377.0,387.875,422.0,433.0,444.0,445.2741935483871
2016-10-09 16:00:00,155.0,577,422.0,26.8630849220104,16.0,6,1,0,409.5,397.0,386.0,396.0,433.0,444.0,445.2741935483871,446.5483870967742
2016-10-10 09:00:00,65.0,577,512.0,11.265164644714037,9.0,0,0,1,516.5,521.0,523.0,520.625,508.0,504.0,494.5,485.0
2016-10-10 09:15:00,69.0,577,508.0,11.95840554592721,9.25,0,0,1,512.0,516.5,522.0,517.875,504.0,494.5,485.0,474.5
2016-10-10 09:30:00,73.0,577,504.0,12.65164644714038,9.5,0,0,1,508.0,512.0,521.0,514.375,494.5,485.0,474.5,464.0
2016-10-10 09:45:00,82.5,577,494.5,14.298093587521663,9.75,0,0,1,504.0,508.0,516.5,510.125,485.0,474.5,464.0,433.0
2016-10-10 10:00:00,92.0,577,485.0,15.944540727902945,10.0,0,0,1,494.5,504.0,512.0,504.625,474.5,464.0,433.0,431.33333333333337
2016-10-10 10:15:00,102.5,577,474.5,17.76429809358752,10.25,0,0,0,485.0,494.5,508.0,497.875,464.0,433.0,431.33333333333337,429.66666666666663
2016-10-10 10:30:00,113.0,577,464.0,19.584055459272097,10.5,0,0,0,474.5,485.0,504.0,489.5,433.0,431.33333333333337,429.66666666666663,428.0
2016-10-10 10:45:00,144.0,577,433.0,24.956672443674176,10.75,0,0,0,464.0,474.5,494.5,479.5,431.33333333333337,429.66666666666663,428.0,418.0
2016-10-10 11:00:00,145.66666666666666,577,431.33333333333337,25.245522819179662,11.0,0,0,0,433.0,464.0,485.0,464.125,429.66666666666663,428.0,418.0,414.0
2016-10-10 11:15:00,147.33333333333334,577,429.66666666666663,25.534373194685156,11.25,0,0,0,431.33333333333337,433.0,474.5,450.70833333333337,428.0,418.0,414.0,410.0
2016-10-10 11:30:00,149.0,577,428.0,25.82322357019064,11.5,0,0,0,429.66666666666663,431.33333333333337,464.0,439.5,418.0,414.0,410.0,406.0
2016-10-10 11:45:00,159.0,577,418.0,27.55632582322357,11.75,0,0,0,428.0,429.66666666666663,433.0,430.5,414.0,410.0,406.0,403.5
2016-10-10 12:00:00,163.0,577,414.0,28.249566724436743,12.0,0,0,0,418.0,428.0,431.33333333333337,426.75,410.0,406.0,403.5,401.0
2016-10-10 12:15:00,167.0,577,410.0,28.942807625649912,12.25,0,0,0,414.0,418.0,429.66666666666663,422.41666666666663,406.0,403.5,401.0,403.0
2016-10-10 12:30:00,171.0,577,406.0,29.636048526863085,12.5,0,0,0,410.0,414.0,428.0,417.5,403.5,401.0,403.0,405.0
2016-10-10 12:45:00,173.5,577,403.5,30.06932409012132,12.75,0,0,0,406.0,410.0,418.0,412.0,401.0,403.0,405.0,410.5
2016-10-10 13:00:00,176.0,577,401.0,30.502599653379548,13.0,0,0,0,403.5,406.0,414.0,408.375,403.0,405.0,410.5,416.0
2016-10-10 13:15:00,174.0,577,403.0,30.155979202772965,13.25,0,0,0,401.0,403.5,410.0,405.125,405.0,410.5,416.0,419.5
2016-10-10 13:30:00,172.0,577,405.0,29.809358752166375,13.5,0,0,0,403.0,401.0,406.0,403.375,410.5,416.0,419.5,423.0
2016-10-10 13:45:00,166.5,577,410.5,28.856152512998268,13.75,0,0,0,405.0,403.0,403.5,403.125,416.0,419.5,423.0,440.0
2016-10-10 14:00:00,161.0,577,416.0,27.902946273830153,14.0,0,0,0,410.5,405.0,401.0,404.875,419.5,423.0,440.0,442.66666666666663
2016-10-10 14:15:00,157.5,577,419.5,27.29636048526863,14.25,0,0,0,416.0,410.5,403.0,408.625,423.0,440.0,442.66666666666663,445.33333333333337
2016-10-10 14:30:00,154.0,577,423.0,26.689774696707108,14.5,0,0,0,419.5,416.0,405.0,412.75,440.0,442.66666666666663,445.33333333333337,448.0
2016-10-10 14:45:00,137.0,577,440.0,23.743500866551127,14.75,0,0,0,423.0,419.5,410.5,417.25,442.66666666666663,445.33333333333337,448.0,447.0
2016-10-10 15:00:00,134.33333333333334,577,442.66666666666663,23.281340265742347,15.0,0,0,0,440.0,423.0,416.0,424.625,445.33333333333337,448.0,447.0,452.3333333333333
2016-10-10 15:15:00,131.66666666666666,577,445.33333333333337,22.81917966493356,15.25,0,0,0,442.66666666666663,440.0,419.5,431.29166666666663,448.0,447.0,452.3333333333333,457.6666666666667
2016-10-10 15:30:00,129.0,577,448.0,22.357019064124785,15.5,0,0,0,445.33333333333337,442.66666666666663,423.0,437.75,447.0,452.3333333333333,457.6666666666667,463.0
2016-10-10 15:45:00,130.0,577,447.0,22.530329289428074,15.75,0,0,0,448.0,445.33333333333337,440.0,444.0,452.3333333333333,457.6666666666667,463.0,463.93548387096774
2016-10-10 16:00:00,124.66666666666667,577,452.3333333333333,21.606008087810515,16.0,0,0,0,447.0,448.0,442.66666666666663,445.75,457.6666666666667,463.0,463.93548387096774,464.8709677419355
2016-10-11 09:00:00,80.33333333333333,577,496.6666666666667,13.922588099364527,9.0,1,0,1,503.0,513.0,521.0,513.5,490.3333333333333,484.0,448.0,435.33333333333337
2016-10-11 09:15:00,86.66666666666667,577,490.3333333333333,15.020219526285386,9.25,1,0,1,496.6666666666667,503.0,517.0,507.4166666666667,484.0,448.0,435.33333333333337,422.66666666666663
2016-10-11 09:30:00,93.0,577,484.0,16.11785095320624,9.5,1,0,1,490.3333333333333,496.6666666666667,513.0,500.75,448.0,435.33333333333337,422.66666666666663,410.0
2016-10-11 09:45:00,129.0,577,448.0,22.357019064124785,9.75,1,0,1,484.0,490.3333333333333,503.0,493.5,435.33333333333337,422.66666666666663,410.0,377.0
2016-10-11 10:00:00,141.66666666666666,577,435.33333333333337,24.552281917966493,10.0,1,0,1,448.0,484.0,496.6666666666667,479.75,422.66666666666663,410.0,377.0,370.66666666666663
2016-10-11 10:15:00,154.33333333333334,577,422.66666666666663,26.747544771808208,10.25,1,0,0,435.33333333333337,448.0,490.3333333333333,464.41666666666663,410.0,377.0,370.66666666666663,364.33333333333337
2016-10-11 10:30:00,167.0,577,410.0,28.942807625649912,10.5,1,0,0,422.66666666666663,435.33333333333337,484.0,447.5,377.0,370.66666666666663,364.33333333333337,358.0
2016-10-11 10:45:00,200.0,577,377.0,34.66204506065858,10.75,1,0,0,410.0,422.66666666666663,448.0,429.0,370.66666666666663,364.33333333333337,358.0,355.0
2016-10-11 11:00:00,206.33333333333334,577,370.66666666666663,35.75967648757943,11.0,1,0,0,377.0,410.0,435.33333333333337,411.25,364.33333333333337,358.0,355.0,352.0
2016-10-11 11:15:00,212.66666666666666,577,364.33333333333337,36.85730791450029,11.25,1,0,0,370.66666666666663,377.0,422.66666666666663,395.08333333333326,358.0,355.0,352.0,354.0
2016-10-11 11:30:00,219.0,577,358.0,37.954939341421145,11.5,1,0,0,364.33333333333337,370.66666666666663,410.0,380.5,355.0,352.0,354.0,356.0
2016-10-11 11:45:00,222.0,577,355.0,38.47487001733102,11.75,1,0,0,358.0,364.33333333333337,377.0,367.5,352.0,354.0,356.0,358.0
2016-10-11 12:00:00,225.0,577,352.0,38.9948006932409,12.0,1,0,0,355.0,358.0,370.66666666666663,362.0,354.0,356.0,358.0,360.0
2016-10-11 12:15:00,223.0,577,354.0,38.64818024263432,12.25,1,0,0,352.0,355.0,364.33333333333337,357.33333333333337,356.0,358.0,360.0,360.0
2016-10-11 12:30:00,221.0,577,356.0,38.30155979202773,12.5,1,0,0,354.0,352.0,358.0,354.75,358.0,360.0,360.0,360.0
2016-10-11 12:45:00,219.0,577,358.0,37.954939341421145,12.75,1,0,0,356.0,354.0,355.0,354.25,360.0,360.0,360.0,364.5
2016-10-11 13:00:00,217.0,577,360.0,37.60831889081456,13.0,1,0,0,358.0,356.0,352.0,355.0,360.0,360.0,364.5,369.0
2016-10-11 13:15:00,217.0,577,360.0,37.60831889081456,13.25,1,0,0,360.0,358.0,354.0,357.0,360.0,364.5,369.0,377.5
2016-10-11 13:30:00,217.0,577,360.0,37.60831889081456,13.5,1,0,0,360.0,360.0,356.0,358.5,364.5,369.0,377.5,386.0
2016-10-11 13:45:00,212.5,577,364.5,36.82842287694974,13.75,1,0,0,360.0,360.0,358.0,359.5,369.0,377.5,386.0,398.0
2016-10-11 14:00:00,208.0,577,369.0,36.04852686308492,14.0,1,0,0,364.5,360.0,360.0,361.125,377.5,386.0,398.0,410.0
2016-10-11 14:15:00,199.5,577,377.5,34.575389948006936,14.25,1,0,0,369.0,364.5,360.0,363.375,386.0,398.0,410.0,414.0
2016-10-11 14:30:00,191.0,577,386.0,33.10225303292894,14.5,1,0,0,377.5,369.0,360.0,367.75,398.0,410.0,414.0,418.0
2016-10-11 14:45:00,179.0,577,398.0,31.022530329289427,14.75,1,0,0,386.0,377.5,364.5,374.25,410.0,414.0,418.0,422.5
2016-10-11 15:00:00,167.0,577,410.0,28.942807625649912,15.0,1,0,0,398.0,386.0,369.0,382.625,414.0,418.0,422.5,427.0
2016-10-11 15:15:00,163.0,577,414.0,28.249566724436743,15.25,1,0,0,410.0,398.0,377.5,392.875,418.0,422.5,427.0,450.0
2016-10-11 15:30:00,159.0,577,418.0,27.55632582322357,15.5,1,0,0,414.0,410.0,386.0,402.0,422.5,427.0,450.0,451.2063492063492
2016-10-11 15:45:00,154.5,577,422.5,26.776429809358753,15.75,1,0,0,418.0,414.0,398.0,410.0,427.0,450.0,451.2063492063492,452.41269841269843
2016-10-12 09:00:00,64.0,577,513.0,11.091854419410744,9.0,2,0,1,516.5,520.0,526.0,521.375,504.0,495.3333333333333,486.6666666666667,478.0
2016-10-12 09:15:00,73.0,577,504.0,12.65164644714038,9.25,2,0,1,513.0,516.5,523.0,518.125,495.3333333333333,486.6666666666667,478.0,471.5
2016-10-12 09:30:00,81.66666666666667,577,495.3333333333333,14.15366839976892,9.5,2,0,1,504.0,513.0,520.0,513.375,486.6666666666667,478.0,471.5,465.0
2016-10-12 09:45:00,90.33333333333333,577,486.6666666666667,15.655690352397459,9.75,2,0,1,495.3333333333333,504.0,516.5,507.2083333333333,478.0,471.5,465.0,457.5
2016-10-12 10:00:00,99.0,577,478.0,17.157712305025996,10.0,2,0,1,486.6666666666667,495.3333333333333,513.0,499.75,471.5,465.0,457.5,450.0
2016-10-12 10:15:00,105.5,577,471.5,18.284228769497403,10.25,2,0,0,478.0,486.6666666666667,504.0,491.0,465.0,457.5,450.0,449.5
2016-10-12 10:30:00,112.0,577,465.0,19.410745233968804,10.5,2,0,0,471.5,478.0,495.3333333333333,482.875,457.5,450.0,449.5,449.0
2016-10-12 10:45:00,119.5,577,457.5,20.7105719237435,10.75,2,0,0,465.0,471.5,486.6666666666667,475.2916666666667,450.0,449.5,449.0,441.5
2016-10-12 11:00:00,127.0,577,450.0,22.0103986135182,11.0,2,0,0,457.5,465.0,478.0,468.0,449.5,449.0,441.5,434.0
2016-10-12 11:15:00,127.5,577,449.5,22.097053726169843,11.25,2,0,0,450.0,457.5,471.5,461.0,449.0,441.5,434.0,426.5
2016-10-12 11:30:00,128.0,577,449.0,22.183708838821488,11.5,2,0,0,449.5,450.0,465.0,455.5,441.5,434.0,426.5,419.0
2016-10-12 11:45:00,135.5,577,441.5,23.483535528596185,11.75,2,0,0,449.0,449.5,457.5,451.5,434.0,426.5,419.0,419.5
2016-10-12 12:00:00,143.0,577,434.0,24.783362218370883,12.0,2,0,0,441.5,449.0,450.0,447.5,426.5,419.0,419.5,420.0
2016-10-12 12:15:00,150.5,577,426.5,26.083188908145583,12.25,2,0,0,434.0,441.5,449.5,443.5,419.0,419.5,420.0,416.5
2016-10-12 12:30:00,158.0,577,419.0,27.38301559792028,12.5,2,0,0,426.5,434.0,449.0,437.75,419.5,420.0,416.5,413.0
2016-10-12 12:45:00,157.5,577,419.5,27.29636048526863,12.75,2,0,0,419.0,426.5,441.5,430.25,420.0,416.5,413.0,411.5
2016-10-12 13:00:00,157.0,577,420.0,27.209705372616984,13.0,2,0,0,419.5,419.0,434.0,424.75,416.5,413.0,411.5,410.0
2016-10-12 13:15:00,160.5,577,416.5,27.81629116117851,13.25,2,0,0,420.0,419.5,426.5,421.25,413.0,411.5,410.0,414.0
2016-10-12 13:30:00,164.0,577,413.0,28.422876949740033,13.5,2,0,0,416.5,420.0,419.0,418.75,411.5,410.0,414.0,418.0
2016-10-12 13:45:00,165.5,577,411.5,28.682842287694974,13.75,2,0,0,413.0,416.5,419.5,417.25,410.0,414.0,418.0,427.5
2016-10-12 14:00:00,167.0,577,410.0,28.942807625649912,14.0,2,0,0,411.5,413.0,420.0,415.25,414.0,418.0,427.5,437.0
2016-10-12 14:15:00,163.0,577,414.0,28.249566724436743,14.25,2,0,0,410.0,411.5,416.5,412.75,418.0,427.5,437.0,443.0
2016-10-12 14:30:00,159.0,577,418.0,27.55632582322357,14.5,2,0,0,414.0,410.0,413.0,412.125,427.5,437.0,443.0,449.0
2016-10-12 14:45:00,149.5,577,427.5,25.909878682842287,14.75,2,0,0,418.0,414.0,411.5,413.375,437.0,443.0,449.0,456.0
2016-10-12 15:00:00,140.0,577,437.0,24.263431542461007,15.0,2,0,0,427.5,418.0,410.0,417.375,443.0,449.0,456.0,459.3333333333333
2016-10-12 15:15:00,134.0,577,443.0,23.223570190641247,15.25,2,0,0,437.0,427.5,414.0,424.125,449.0,456.0,459.3333333333333,462.6666666666667
2016-10-12 15:30:00,128.0,577,449.0,22.183708838821488,15.5,2,0,0,443.0,437.0,418.0,431.375,456.0,459.3333333333333,462.6666666666667,466.0
2016-10-12 15:45:00,121.0,577,456.0,20.97053726169844,15.75,2,0,0,449.0,443.0,427.5,439.125,459.3333333333333,462.6666666666667,466.0,466.8688524590164
2016-10-12 16:00:00,117.66666666666667,577,459.3333333333333,20.392836510687467,16.0,2,0,0,456.0,449.0,437.0,446.25,462.6666666666667,466.0,466.8688524590164,467.7377049180328
2016-10-13 08:45:00,70.5,577,506.5,12.218370883882148,8.75,3,0,1,512.0,514.3333333333334,519.0,515.5,501.0,490.5,480.0,450.0
2016-10-13 09:00:00,76.0,577,501.0,13.171577123050259,9.0,3,0,1,506.5,512.0,516.6666666666666,512.375,490.5,480.0,450.0,437.0
2016-10-13 09:15:00,86.5,577,490.5,14.991334488734836,9.25,3,0,1,501.0,506.5,514.3333333333334,508.45833333333337,480.0,450.0,437.0,424.0
2016-10-13 09:30:00,97.0,577,480.0,16.81109185441941,9.5,3,0,1,490.5,501.0,512.0,502.5,450.0,437.0,424.0,411.0
2016-10-13 09:45:00,127.0,577,450.0,22.0103986135182,9.75,3,0,1,480.0,490.5,506.5,494.5,437.0,424.0,411.0,394.0
2016-10-13 10:00:00,140.0,577,437.0,24.263431542461007,10.0,3,0,1,450.0,480.0,501.0,480.375,424.0,411.0,394.0,377.0
2016-10-13 10:15:00,153.0,577,424.0,26.51646447140381,10.25,3,0,0,437.0,450.0,490.5,464.375,411.0,394.0,377.0,367.0
2016-10-13 10:30:00,166.0,577,411.0,28.769497400346623,10.5,3,0,0,424.0,437.0,480.0,447.75,394.0,377.0,367.0,357.0
2016-10-13 10:45:00,183.0,577,394.0,31.715771230502597,10.75,3,0,0,411.0,424.0,450.0,430.5,377.0,367.0,357.0,347.0
2016-10-13 11:00:00,200.0,577,377.0,34.66204506065858,11.0,3,0,0,394.0,411.0,437.0,416.5,367.0,357.0,347.0,346.66666666666663
2016-10-13 11:15:00,210.0,577,367.0,36.3951473136915,11.25,3,0,0,377.0,394.0,424.0,401.5,357.0,347.0,346.66666666666663,346.33333333333337
2016-10-13 11:30:00,220.0,577,357.0,38.128249566724435,11.5,3,0,0,367.0,377.0,411.0,387.25,347.0,346.66666666666663,346.33333333333337,346.0
2016-10-13 11:45:00,230.0,577,347.0,39.86135181975737,11.75,3,0,0,357.0,367.0,394.0,373.75,346.66666666666663,346.33333333333337,346.0,354.5
2016-10-13 12:00:00,230.33333333333334,577,346.66666666666663,39.91912189485846,12.0,3,0,0,347.0,357.0,377.0,362.0,346.33333333333337,346.0,354.5,363.0
2016-10-13 12:15:00,230.66666666666666,577,346.33333333333337,39.97689196995956,12.25,3,0,0,346.66666666666663,347.0,367.0,354.41666666666663,346.0,354.5,363.0,368.5
2016-10-13 12:30:00,231.0,577,346.0,40.03466204506066,12.5,3,0,0,346.33333333333337,346.66666666666663,357.0,349.25,354.5,363.0,368.5,374.0
2016-10-13 12:45:00,222.5,577,354.5,38.56152512998267,12.75,3,0,0,346.0,346.33333333333337,347.0,346.5,363.0,368.5,374.0,372.0
2016-10-13 13:00:00,214.0,577,363.0,37.088388214904676,13.0,3,0,0,354.5,346.0,346.66666666666663,348.375,368.5,374.0,372.0,380.0
2016-10-13 13:15:00,208.5,577,368.5,36.13518197573657,13.25,3,0,0,363.0,354.5,346.33333333333337,352.45833333333337,374.0,372.0,380.0,388.0
2016-10-13 13:30:00,203.0,577,374.0,35.181975736568454,13.5,3,0,0,368.5,363.0,346.0,358.0,372.0,380.0,388.0,396.0
2016-10-13 13:45:00,205.0,577,372.0,35.52859618717504,13.75,3,0,0,374.0,368.5,354.5,365.0,380.0,388.0,396.0,405.5
2016-10-13 14:00:00,197.0,577,380.0,34.1421143847487,14.0,3,0,0,372.0,374.0,363.0,369.375,388.0,396.0,405.5,415.0
2016-10-13 14:15:00,189.0,577,388.0,32.755632582322356,14.25,3,0,0,380.0,372.0,368.5,373.625,396.0,405.5,415.0,424.0
2016-10-13 14:30:00,181.0,577,396.0,31.369150779896017,14.5,3,0,0,388.0,380.0,374.0,378.5,405.5,415.0,424.0,433.0
2016-10-13 14:45:00,171.5,577,405.5,29.72270363951473,14.75,3,0,0,396.0,388.0,372.0,384.0,415.0,424.0,433.0,439.0
2016-10-13 15:00:00,162.0,577,415.0,28.07625649913345,15.0,3,0,0,405.5,396.0,380.0,392.375,424.0,433.0,439.0,445.0
2016-10-13 15:15:00,153.0,577,424.0,26.51646447140381,15.25,3,0,0,415.0,405.5,388.0,401.125,433.0,439.0,445.0,446.0
2016-10-13 15:30:00,144.0,577,433.0,24.956672443674176,15.5,3,0,0,424.0,415.0,396.0,410.125,439.0,445.0,446.0,447.0
2016-10-13 15:45:00,138.0,577,439.0,23.91681109185442,15.75,3,0,0,433.0,424.0,405.5,419.375,445.0,446.0,447.0,448.241935483871
2016-10-13 16:00:00,132.0,577,445.0,22.876949740034664,16.0,3,0,0,439.0,433.0,415.0,427.75,446.0,447.0,448.241935483871,449.48387096774195
2016-10-14 09:00:00,67.0,577,510.0,11.611785095320624,9.0,4,0,1,513.3333333333334,516.6666666666666,524.0,518.5,477.0,465.6666666666667,454.3333333333333,443.0
2016-10-14 09:15:00,100.0,577,477.0,17.33102253032929,9.25,4,0,1,510.0,513.3333333333334,520.0,515.0,465.6666666666667,454.3333333333333,443.0,420.0
2016-10-14 09:30:00,111.33333333333333,577,465.6666666666667,19.29520508376661,9.5,4,0,1,477.0,510.0,516.6666666666666,504.25,454.3333333333333,443.0,420.0,404.0
2016-10-14 09:45:00,122.66666666666667,577,454.3333333333333,21.25938763720393,9.75,4,0,1,465.6666666666667,477.0,513.3333333333334,491.50000000000006,443.0,420.0,404.0,388.0
2016-10-14 10:00:00,134.0,577,443.0,23.223570190641247,10.0,4,0,1,454.3333333333333,465.6666666666667,510.0,476.75,420.0,404.0,388.0,372.0
2016-10-14 10:15:00,157.0,577,420.0,27.209705372616984,10.25,4,0,0,443.0,454.3333333333333,477.0,460.0,404.0,388.0,372.0,357.0
2016-10-14 10:30:00,173.0,577,404.0,29.98266897746967,10.5,4,0,0,420.0,443.0,465.6666666666667,445.75,388.0,372.0,357.0,355.66666666666663
2016-10-14 10:45:00,189.0,577,388.0,32.755632582322356,10.75,4,0,0,404.0,420.0,454.3333333333333,430.3333333333333,372.0,357.0,355.66666666666663,354.33333333333337
2016-10-14 11:00:00,205.0,577,372.0,35.52859618717504,11.0,4,0,0,388.0,404.0,443.0,413.75,357.0,355.66666666666663,354.33333333333337,353.0
2016-10-14 11:15:00,220.0,577,357.0,38.128249566724435,11.25,4,0,0,372.0,388.0,420.0,396.0,355.66666666666663,354.33333333333337,353.0,364.0
2016-10-14 11:30:00,221.33333333333334,577,355.66666666666663,38.35932986712883,11.5,4,0,0,357.0,372.0,404.0,380.25,354.33333333333337,353.0,364.0,366.66666666666663
2016-10-14 11:45:00,222.66666666666666,577,354.33333333333337,38.59041016753322,11.75,4,0,0,355.66666666666663,357.0,388.0,368.16666666666663,353.0,364.0,366.66666666666663,369.33333333333337
2016-10-14 12:00:00,224.0,577,353.0,38.82149046793761,12.0,4,0,0,354.33333333333337,355.66666666666663,372.0,359.75,364.0,366.66666666666663,369.33333333333337,372.0
2016-10-14 12:15:00,213.0,577,364.0,36.915077989601386,12.25,4,0,0,353.0,354.33333333333337,357.0,355.0,366.66666666666663,369.33333333333337,372.0,376.0
2016-10-14 12:30:00,210.33333333333334,577,366.66666666666663,36.452917388792606,12.5,4,0,0,364.0,353.0,355.66666666666663,356.75,369.33333333333337,372.0,376.0,382.33333333333337
2016-10-14 12:45:00,207.66666666666666,577,369.33333333333337,35.99075678798383,12.75,4,0,0,366.66666666666663,364.0,354.33333333333337,359.5,372.0,376.0,382.33333333333337,388.66666666666663
2016-10-14 13:00:00,205.0,577,372.0,35.52859618717504,13.0,4,0,0,369.33333333333337,366.66666666666663,353.0,363.25,376.0,382.33333333333337,388.66666666666663,395.0
2016-10-14 13:15:00,201.0,577,376.0,34.835355285961874,13.25,4,0,0,372.0,369.33333333333337,364.0,368.0,382.33333333333337,388.66666666666663,395.0,399.0
2016-10-14 13:30:00,194.66666666666666,577,382.33333333333337,33.73772385904101,13.5,4,0,0,376.0,372.0,366.66666666666663,371.0,388.66666666666663,395.0,399.0,403.0
2016-10-14 13:45:00,188.33333333333334,577,388.66666666666663,32.64009243212016,13.75,4,0,0,382.33333333333337,376.0,369.33333333333337,374.91666666666674,395.0,399.0,403.0,404.5
2016-10-14 14:00:00,182.0,577,395.0,31.542461005199307,14.0,4,0,0,388.66666666666663,382.33333333333337,372.0,379.75,399.0,403.0,404.5,406.0
2016-10-14 14:15:00,178.0,577,399.0,30.849220103986134,14.25,4,0,0,395.0,388.66666666666663,376.0,385.5,403.0,404.5,406.0,416.0
2016-10-14 14:30:00,174.0,577,403.0,30.155979202772965,14.5,4,0,0,399.0,395.0,382.33333333333337,391.25,404.5,406.0,416.0,423.66666666666663
2016-10-14 14:45:00,172.5,577,404.5,29.896013864818023,14.75,4,0,0,403.0,399.0,388.66666666666663,396.41666666666663,406.0,416.0,423.66666666666663,431.33333333333337
2016-10-14 15:00:00,171.0,577,406.0,29.636048526863085,15.0,4,0,0,404.5,403.0,395.0,400.375,416.0,423.66666666666663,431.33333333333337,439.0
2016-10-14 15:15:00,161.0,577,416.0,27.902946273830153,15.25,4,0,0,406.0,404.5,399.0,403.125,423.66666666666663,431.33333333333337,439.0,441.0
2016-10-14 15:30:00,153.33333333333334,577,423.66666666666663,26.57423454650491,15.5,4,0,0,416.0,406.0,403.0,407.375,431.33333333333337,439.0,441.0,443.0
2016-10-14 15:45:00,145.66666666666666,577,431.33333333333337,25.245522819179662,15.75,4,0,0,423.66666666666663,416.0,404.5,412.54166666666663,439.0,441.0,443.0,444.30645161290323
2016-10-14 16:00:00,138.0,577,439.0,23.91681109185442,16.0,4,0,0,431.33333333333337,423.66666666666663,406.0,419.25,441.0,443.0,444.30645161290323,445.61290322580646
2016-10-15 09:00:00,77.0,577,500.0,13.344887348353554,9.0,5,1,1,507.0,514.0,524.0,516.0,476.0,458.3333333333333,440.66666666666663,423.0
2016-10-15 09:15:00,101.0,577,476.0,17.504332755632582,9.25,5,1,1,500.0,507.0,519.0,510.0,458.3333333333333,440.66666666666663,423.0,406.0
2016-10-15 09:30:00,118.66666666666667,577,458.3333333333333,20.566146735990756,9.5,5,1,1,476.0,500.0,514.0,499.25,440.66666666666663,423.0,406.0,392.66666666666663
2016-10-15 09:45:00,136.33333333333334,577,440.66666666666663,23.627960716348934,9.75,5,1,1,458.3333333333333,476.0,507.0,485.3333333333333,423.0,406.0,392.66666666666663,379.33333333333337
2016-10-15 10:00:00,154.0,577,423.0,26.689774696707108,10.0,5,1,1,440.66666666666663,458.3333333333333,500.0,468.75,406.0,392.66666666666663,379.33333333333337,366.0
2016-10-15 10:15:00,171.0,577,406.0,29.636048526863085,10.25,5,1,0,423.0,440.66666666666663,476.0,449.5,392.66666666666663,379.33333333333337,366.0,338.0
2016-10-15 10:30:00,184.33333333333334,577,392.66666666666663,31.946851530906994,10.5,5,1,0,406.0,423.0,458.3333333333333,432.0,379.33333333333337,366.0,338.0,325.66666666666663
2016-10-15 10:45:00,197.66666666666666,577,379.33333333333337,34.257654534950895,10.75,5,1,0,392.66666666666663,406.0,440.66666666666663,415.5833333333333,366.0,338.0,325.66666666666663,313.3333333333333
2016-10-15 11:00:00,211.0,577,366.0,36.56845753899481,11.0,5,1,0,379.33333333333337,392.66666666666663,423.0,400.25,338.0,325.66666666666663,313.3333333333333,301.0
2016-10-15 11:15:00,239.0,577,338.0,41.421143847487,11.25,5,1,0,366.0,379.33333333333337,406.0,386.0,325.66666666666663,313.3333333333333,301.0,280.0
2016-10-15 11:30:00,251.33333333333334,577,325.66666666666663,43.55863662622762,11.5,5,1,0,338.0,366.0,392.66666666666663,369.0,313.3333333333333,301.0,280.0,268.3333333333333
2016-10-15 11:45:00,263.6666666666667,577,313.3333333333333,45.696129404968225,11.75,5,1,0,325.66666666666663,338.0,379.33333333333337,352.25,301.0,280.0,268.3333333333333,256.6666666666667
2016-10-15 12:00:00,276.0,577,301.0,47.83362218370884,12.0,5,1,0,313.3333333333333,325.66666666666663,366.0,335.75,280.0,268.3333333333333,256.6666666666667,245.0
2016-10-15 12:15:00,297.0,577,280.0,51.47313691507799,12.25,5,1,0,301.0,313.3333333333333,338.0,319.5,268.3333333333333,256.6666666666667,245.0,235.0
2016-10-15 12:30:00,308.6666666666667,577,268.3333333333333,53.495089543616416,12.5,5,1,0,280.0,301.0,325.66666666666663,305.0,256.6666666666667,245.0,235.0,225.0
2016-10-15 12:45:00,320.3333333333333,577,256.6666666666667,55.51704217215482,12.75,5,1,0,268.3333333333333,280.0,313.3333333333333,290.6666666666667,245.0,235.0,225.0,205.5
2016-10-15 13:00:00,332.0,577,245.0,57.538994800693246,13.0,5,1,0,256.6666666666667,268.3333333333333,301.0,276.5,235.0,225.0,205.5,186.0
2016-10-15 13:15:00,342.0,577,235.0,59.27209705372617,13.25,5,1,0,245.0,256.6666666666667,280.0,262.5,225.0,205.5,186.0,168.0
2016-10-15 13:30:00,352.0,577,225.0,61.005199306759096,13.5,5,1,0,235.0,245.0,268.3333333333333,251.25,205.5,186.0,168.0,157.0
2016-10-15 13:45:00,371.5,577,205.5,64.3847487001733,13.75,5,1,0,225.0,235.0,256.6666666666667,240.41666666666669,186.0,168.0,157.0,146.0
2016-10-15 14:00:00,391.0,577,186.0,67.76429809358753,14.0,5,1,0,205.5,225.0,245.0,227.625,168.0,157.0,146.0,135.0
2016-10-15 14:15:00,409.0,577,168.0,70.8838821490468,14.25,5,1,0,186.0,205.5,235.0,212.875,157.0,146.0,135.0,149.0
2016-10-15 14:30:00,420.0,577,157.0,72.790294627383,14.5,5,1,0,168.0,186.0,225.0,196.125,146.0,135.0,149.0,154.33333333333331
2016-10-15 14:45:00,431.0,577,146.0,74.69670710571924,14.75,5,1,0,157.0,168.0,205.5,179.125,135.0,149.0,154.33333333333331,159.66666666666669
2016-10-15 15:00:00,442.0,577,135.0,76.60311958405546,15.0,5,1,0,146.0,157.0,186.0,164.25,149.0,154.33333333333331,159.66666666666669,165.0
2016-10-15 15:15:00,428.0,577,149.0,74.17677642980935,15.25,5,1,0,135.0,146.0,168.0,151.5,154.33333333333331,159.66666666666669,165.0,184.0
2016-10-15 15:30:00,422.6666666666667,577,154.33333333333331,73.2524552281918,15.5,5,1,0,149.0,135.0,157.0,146.75,159.66666666666669,165.0,184.0,189.47619047619048
2016-10-15 15:45:00,417.3333333333333,577,159.66666666666669,72.32813402657423,15.75,5,1,0,154.33333333333331,149.0,146.0,146.08333333333331,165.0,184.0,189.47619047619048,194.95238095238096
2016-10-16 09:00:00,55.0,577,522.0,9.532062391681109,9.0,6,1,1,524.3333333333334,526.6666666666666,529.0,527.25,520.0,520.0,520.0,520.0
2016-10-16 09:15:00,57.0,577,520.0,9.878682842287695,9.25,6,1,1,522.0,524.3333333333334,529.0,525.5,520.0,520.0,520.0,520.5
2016-10-16 09:30:00,57.0,577,520.0,9.878682842287695,9.5,6,1,1,520.0,522.0,526.6666666666666,523.25,520.0,520.0,520.5,521.0
2016-10-16 09:45:00,57.0,577,520.0,9.878682842287695,9.75,6,1,1,520.0,520.0,524.3333333333334,521.5833333333334,520.0,520.5,521.0,521.0
2016-10-16 10:00:00,57.0,577,520.0,9.878682842287695,10.0,6,1,1,520.0,520.0,522.0,520.5,520.5,521.0,521.0,521.0
2016-10-16 10:15:00,56.5,577,520.5,9.792027729636049,10.25,6,1,0,520.0,520.0,520.0,520.0,521.0,521.0,521.0,521.0
2016-10-16 10:30:00,56.0,577,521.0,9.705372616984402,10.5,6,1,0,520.5,520.0,520.0,520.125,521.0,521.0,521.0,518.0
2016-10-16 10:45:00,56.0,577,521.0,9.705372616984402,10.75,6,1,0,521.0,520.5,520.0,520.375,521.0,521.0,518.0,515.0
2016-10-16 11:00:00,56.0,577,521.0,9.705372616984402,11.0,6,1,0,521.0,521.0,520.0,520.625,521.0,518.0,515.0,512.0
2016-10-16 11:15:00,56.0,577,521.0,9.705372616984402,11.25,6,1,0,521.0,521.0,520.5,520.875,518.0,515.0,512.0,472.0
2016-10-16 11:30:00,59.0,577,518.0,10.22530329289428,11.5,6,1,0,521.0,521.0,521.0,521.0,515.0,512.0,472.0,463.3333333333333
2016-10-16 11:45:00,62.0,577,515.0,10.74523396880416,11.75,6,1,0,518.0,521.0,521.0,520.25,512.0,472.0,463.3333333333333,454.6666666666667
2016-10-16 12:00:00,65.0,577,512.0,11.265164644714037,12.0,6,1,0,515.0,518.0,521.0,518.75,472.0,463.3333333333333,454.6666666666667,446.0
2016-10-16 12:15:00,105.0,577,472.0,18.19757365684575,12.25,6,1,0,512.0,515.0,521.0,516.5,463.3333333333333,454.6666666666667,446.0,431.0
2016-10-16 12:30:00,113.66666666666667,577,463.3333333333333,19.699595609474294,12.5,6,1,0,472.0,512.0,518.0,504.25,454.6666666666667,446.0,431.0,423.0
2016-10-16 12:45:00,122.33333333333333,577,454.6666666666667,21.20161756210283,12.75,6,1,0,463.3333333333333,472.0,515.0,490.5833333333333,446.0,431.0,423.0,415.0
2016-10-16 13:00:00,131.0,577,446.0,22.703639514731368,13.0,6,1,0,454.6666666666667,463.3333333333333,512.0,475.5,431.0,423.0,415.0,407.0
2016-10-16 13:15:00,146.0,577,431.0,25.30329289428076,13.25,6,1,0,446.0,454.6666666666667,472.0,459.0,423.0,415.0,407.0,397.0
2016-10-16 13:30:00,154.0,577,423.0,26.689774696707108,13.5,6,1,0,431.0,446.0,463.3333333333333,448.75,415.0,407.0,397.0,393.0
2016-10-16 13:45:00,162.0,577,415.0,28.07625649913345,13.75,6,1,0,423.0,431.0,454.6666666666667,438.6666666666667,407.0,397.0,393.0,389.0
2016-10-16 14:00:00,170.0,577,407.0,29.462738301559792,14.0,6,1,0,415.0,423.0,446.0,428.75,397.0,393.0,389.0,385.0
2016-10-16 14:15:00,180.0,577,397.0,31.195840554592717,14.25,6,1,0,407.0,415.0,431.0,419.0,393.0,389.0,385.0,388.5
2016-10-16 14:30:00,184.0,577,393.0,31.88908145580589,14.5,6,1,0,397.0,407.0,423.0,410.5,389.0,385.0,388.5,392.0
2016-10-16 14:45:00,188.0,577,389.0,32.582322357019066,14.75,6,1,0,393.0,397.0,415.0,403.0,385.0,388.5,392.0,404.0
2016-10-16 15:00:00,192.0,577,385.0,33.27556325823224,15.0,6,1,0,389.0,393.0,407.0,396.5,388.5,392.0,404.0,410.33333333333337
2016-10-16 15:15:00,188.5,577,388.5,32.668977469670715,15.25,6,1,0,385.0,389.0,397.0,391.0,392.0,404.0,410.33333333333337,416.66666666666663
2016-10-16 15:30:00,185.0,577,392.0,32.06239168110919,15.5,6,1,0,388.5,385.0,393.0,388.875,404.0,410.33333333333337,416.66666666666663,423.0
2016-10-16 15:45:00,173.0,577,404.0,29.98266897746967,15.75,6,1,0,392.0,388.5,389.0,388.625,410.33333333333337,416.66666666666663,423.0,424.6774193548387
2016-10-16 16:00:00,166.66666666666666,577,410.33333333333337,28.885037550548816,16.0,6,1,0,404.0,392.0,385.0,392.375,416.66666666666663,423.0,424.6774193548387,426.35483870967744
2016-10-17 09:00:00,66.0,577,511.0,11.438474870017332,9.0,0,0,1,515.0,519.0,527.0,521.0,501.0,489.0,477.0,465.0
2016-10-17 09:15:00,76.0,577,501.0,13.171577123050259,9.25,0,0,1,511.0,515.0,523.0,517.0,489.0,477.0,465.0,461.5
2016-10-17 09:30:00,88.0,577,489.0,15.251299826689774,9.5,0,0,1,501.0,511.0,519.0,511.5,477.0,465.0,461.5,458.0
2016-10-17 09:45:00,100.0,577,477.0,17.33102253032929,9.75,0,0,1,489.0,501.0,515.0,504.0,465.0,461.5,458.0,445.5
2016-10-17 10:00:00,112.0,577,465.0,19.410745233968804,10.0,0,0,1,477.0,489.0,511.0,494.5,461.5,458.0,445.5,433.0
2016-10-17 10:15:00,115.5,577,461.5,20.01733102253033,10.25,0,0,0,465.0,477.0,501.0,483.0,458.0,445.5,433.0,428.5
2016-10-17 10:30:00,119.0,577,458.0,20.623916811091856,10.5,0,0,0,461.5,465.0,489.0,473.125,445.5,433.0,428.5,424.0
2016-10-17 10:45:00,131.5,577,445.5,22.790294627383016,10.75,0,0,0,458.0,461.5,477.0,465.375,433.0,428.5,424.0,421.0
2016-10-17 11:00:00,144.0,577,433.0,24.956672443674176,11.0,0,0,0,445.5,458.0,465.0,457.5,428.5,424.0,421.0,418.0
2016-10-17 11:15:00,148.5,577,428.5,25.736568457538993,11.25,0,0,0,433.0,445.5,461.5,449.5,424.0,421.0,418.0,420.5
2016-10-17 11:30:00,153.0,577,424.0,26.51646447140381,11.5,0,0,0,428.5,433.0,458.0,441.25,421.0,418.0,420.5,423.0
2016-10-17 11:45:00,156.0,577,421.0,27.03639514731369,11.75,0,0,0,424.0,428.5,445.5,432.75,418.0,420.5,423.0,423.0
2016-10-17 12:00:00,159.0,577,418.0,27.55632582322357,12.0,0,0,0,421.0,424.0,433.0,426.625,420.5,423.0,423.0,422.0
2016-10-17 12:15:00,156.5,577,420.5,27.123050259965336,12.25,0,0,0,418.0,421.0,428.5,422.875,423.0,423.0,422.0,421.0
2016-10-17 12:30:00,154.0,577,423.0,26.689774696707108,12.5,0,0,0,420.5,418.0,424.0,420.875,423.0,422.0,421.0,420.0
2016-10-17 12:45:00,154.0,577,423.0,26.689774696707108,12.75,0,0,0,423.0,420.5,421.0,420.625,422.0,421.0,420.0,418.0
2016-10-17 13:00:00,155.0,577,422.0,26.8630849220104,13.0,0,0,0,423.0,423.0,418.0,421.125,421.0,420.0,418.0,416.0
2016-10-17 13:15:00,156.0,577,421.0,27.03639514731369,13.25,0,0,0,422.0,423.0,420.5,422.125,420.0,418.0,416.0,423.0
2016-10-17 13:30:00,157.0,577,420.0,27.209705372616984,13.5,0,0,0,421.0,422.0,423.0,422.25,418.0,416.0,423.0,430.0
2016-10-17 13:45:00,159.0,577,418.0,27.55632582322357,13.75,0,0,0,420.0,421.0,423.0,421.5,416.0,423.0,430.0,444.0
2016-10-17 14:00:00,161.0,577,416.0,27.902946273830153,14.0,0,0,0,418.0,420.0,422.0,420.25,423.0,430.0,444.0,448.0
2016-10-17 14:15:00,154.0,577,423.0,26.689774696707108,14.25,0,0,0,416.0,418.0,421.0,418.75,430.0,444.0,448.0,452.0
2016-10-17 14:30:00,147.0,577,430.0,25.476603119584055,14.5,0,0,0,423.0,416.0,420.0,419.25,444.0,448.0,452.0,456.0
2016-10-17 14:45:00,133.0,577,444.0,23.050259965337954,14.75,0,0,0,430.0,423.0,418.0,421.75,448.0,452.0,456.0,462.0
2016-10-17 15:00:00,129.0,577,448.0,22.357019064124785,15.0,0,0,0,444.0,430.0,416.0,428.25,452.0,456.0,462.0,464.5
2016-10-17 15:15:00,125.0,577,452.0,21.663778162911612,15.25,0,0,0,448.0,444.0,423.0,436.25,456.0,462.0,464.5,467.0
2016-10-17 15:30:00,121.0,577,456.0,20.97053726169844,15.5,0,0,0,452.0,448.0,430.0,443.5,462.0,464.5,467.0,467.8412698412698
2016-10-17 15:45:00,115.0,577,462.0,19.930675909878683,15.75,0,0,0,456.0,452.0,444.0,450.0,464.5,467.0,467.8412698412698,468.6825396825397
2016-10-18 09:00:00,72.0,577,505.0,12.478336221837088,9.0,1,0,1,509.0,513.0,520.0,514.75,486.0,468.0,450.0,432.0
2016-10-18 09:15:00,91.0,577,486.0,15.771230502599654,9.25,1,0,1,505.0,509.0,517.0,511.0,468.0,450.0,432.0,399.0
2016-10-18 09:30:00,109.0,577,468.0,18.890814558058924,9.5,1,0,1,486.0,505.0,513.0,503.25,450.0,432.0,399.0,385.0
2016-10-18 09:45:00,127.0,577,450.0,22.0103986135182,9.75,1,0,1,468.0,486.0,509.0,492.0,432.0,399.0,385.0,371.0
2016-10-18 10:00:00,145.0,577,432.0,25.12998266897747,10.0,1,0,1,450.0,468.0,505.0,477.25,399.0,385.0,371.0,357.0
2016-10-18 10:15:00,178.0,577,399.0,30.849220103986134,10.25,1,0,0,432.0,450.0,486.0,459.0,385.0,371.0,357.0,349.0
2016-10-18 10:30:00,192.0,577,385.0,33.27556325823224,10.5,1,0,0,399.0,432.0,468.0,437.25,371.0,357.0,349.0,348.0
2016-10-18 10:45:00,206.0,577,371.0,35.70190641247834,10.75,1,0,0,385.0,399.0,450.0,416.5,357.0,349.0,348.0,347.0
2016-10-18 11:00:00,220.0,577,357.0,38.128249566724435,11.0,1,0,0,371.0,385.0,432.0,396.75,349.0,348.0,347.0,346.0
2016-10-18 11:15:00,228.0,577,349.0,39.51473136915078,11.25,1,0,0,357.0,371.0,399.0,378.0,348.0,347.0,346.0,353.0
2016-10-18 11:30:00,229.0,577,348.0,39.68804159445407,11.5,1,0,0,349.0,357.0,385.0,365.5,347.0,346.0,353.0,348.66666666666663
2016-10-18 11:45:00,230.0,577,347.0,39.86135181975737,11.75,1,0,0,348.0,349.0,371.0,356.25,346.0,353.0,348.66666666666663,344.33333333333337
2016-10-18 12:00:00,231.0,577,346.0,40.03466204506066,12.0,1,0,0,347.0,348.0,357.0,350.25,353.0,348.66666666666663,344.33333333333337,340.0
2016-10-18 12:15:00,224.0,577,353.0,38.82149046793761,12.25,1,0,0,346.0,347.0,349.0,347.5,348.66666666666663,344.33333333333337,340.0,350.0
2016-10-18 12:30:00,228.33333333333334,577,348.66666666666663,39.57250144425188,12.5,1,0,0,353.0,346.0,348.0,348.5,344.33333333333337,340.0,350.0,350.5
2016-10-18 12:45:00,232.66666666666666,577,344.33333333333337,40.323512420566146,12.75,1,0,0,348.66666666666663,353.0,347.0,348.66666666666663,340.0,350.0,350.5,351.0
2016-10-18 13:00:00,237.0,577,340.0,41.074523396880416,13.0,1,0,0,344.33333333333337,348.66666666666663,346.0,348.0,350.0,350.5,351.0,364.0
2016-10-18 13:15:00,227.0,577,350.0,39.34142114384749,13.25,1,0,0,340.0,344.33333333333337,353.0,346.5,350.5,351.0,364.0,377.0
2016-10-18 13:30:00,226.5,577,350.5,39.25476603119584,13.5,1,0,0,350.0,340.0,348.66666666666663,345.75,351.0,364.0,377.0,388.66666666666663
2016-10-18 13:45:00,226.0,577,351.0,39.168110918544194,13.75,1,0,0,350.5,350.0,344.33333333333337,346.20833333333337,364.0,377.0,388.66666666666663,400.33333333333337
2016-10-18 14:00:00,213.0,577,364.0,36.915077989601386,14.0,1,0,0,351.0,350.5,340.0,347.875,377.0,388.66666666666663,400.33333333333337,412.0
2016-10-18 14:15:00,200.0,577,377.0,34.66204506065858,14.25,1,0,0,364.0,351.0,350.0,353.875,388.66666666666663,400.33333333333337,412.0,420.0
2016-10-18 14:30:00,188.33333333333334,577,388.66666666666663,32.64009243212016,14.5,1,0,0,377.0,364.0,350.5,360.625,400.33333333333337,412.0,420.0,424.0
2016-10-18 14:45:00,176.66666666666666,577,400.33333333333337,30.618139803581744,14.75,1,0,0,388.66666666666663,377.0,351.0,370.16666666666663,412.0,420.0,424.0,428.0
2016-10-18 15:00:00,165.0,577,412.0,28.596187175043326,15.0,1,0,0,400.33333333333337,388.66666666666663,364.0,382.5,420.0,424.0,428.0,440.5
2016-10-18 15:15:00,157.0,577,420.0,27.209705372616984,15.25,1,0,0,412.0,400.33333333333337,377.0,394.5,424.0,428.0,440.5,453.0
2016-10-18 15:30:00,153.0,577,424.0,26.51646447140381,15.5,1,0,0,420.0,412.0,388.66666666666663,405.25,428.0,440.5,453.0,454.1904761904762
2016-10-18 15:45:00,149.0,577,428.0,25.82322357019064,15.75,1,0,0,424.0,420.0,400.33333333333337,414.08333333333337,440.5,453.0,454.1904761904762,455.3809523809524
2016-10-19 09:00:00,64.66666666666667,577,512.3333333333334,11.20739456961294,9.0,2,0,1,518.0,522.0,528.0,523.5,506.6666666666667,501.0,472.0,457.0
2016-10-19 09:15:00,70.33333333333333,577,506.6666666666667,12.1894858463316,9.25,2,0,1,512.3333333333334,518.0,526.0,519.5833333333334,501.0,472.0,457.0,442.0
2016-10-19 09:30:00,76.0,577,501.0,13.171577123050259,9.5,2,0,1,506.6666666666667,512.3333333333334,522.0,514.75,472.0,457.0,442.0,431.5
2016-10-19 09:45:00,105.0,577,472.0,18.19757365684575,9.75,2,0,1,501.0,506.6666666666667,518.0,509.5,457.0,442.0,431.5,421.0
2016-10-19 10:00:00,120.0,577,457.0,20.797227036395146,10.0,2,0,1,472.0,501.0,512.3333333333334,498.0,442.0,431.5,421.0,410.5
2016-10-19 10:15:00,135.0,577,442.0,23.39688041594454,10.25,2,0,0,457.0,472.0,506.6666666666667,484.16666666666663,431.5,421.0,410.5,400.0
2016-10-19 10:30:00,145.5,577,431.5,25.216637781629114,10.5,2,0,0,442.0,457.0,501.0,468.0,421.0,410.5,400.0,398.0
2016-10-19 10:45:00,156.0,577,421.0,27.03639514731369,10.75,2,0,0,431.5,442.0,472.0,450.625,410.5,400.0,398.0,396.0
2016-10-19 11:00:00,166.5,577,410.5,28.856152512998268,11.0,2,0,0,421.0,431.5,457.0,437.875,400.0,398.0,396.0,401.0
2016-10-19 11:15:00,177.0,577,400.0,30.675909878682845,11.25,2,0,0,410.5,421.0,442.0,426.25,398.0,396.0,401.0,406.0
2016-10-19 11:30:00,179.0,577,398.0,31.022530329289427,11.5,2,0,0,400.0,410.5,431.5,415.75,396.0,401.0,406.0,409.0
2016-10-19 11:45:00,181.0,577,396.0,31.369150779896017,11.75,2,0,0,398.0,400.0,421.0,407.375,401.0,406.0,409.0,412.0
2016-10-19 12:00:00,176.0,577,401.0,30.502599653379548,12.0,2,0,0,396.0,398.0,410.5,401.125,406.0,409.0,412.0,411.0
2016-10-19 12:15:00,171.0,577,406.0,29.636048526863085,12.25,2,0,0,401.0,396.0,400.0,398.75,409.0,412.0,411.0,410.0
2016-10-19 12:30:00,168.0,577,409.0,29.116117850953206,12.5,2,0,0,406.0,401.0,398.0,400.25,412.0,411.0,410.0,413.0
2016-10-19 12:45:00,165.0,577,412.0,28.596187175043326,12.75,2,0,0,409.0,406.0,396.0,403.0,411.0,410.0,413.0,416.0
2016-10-19 13:00:00,166.0,577,411.0,28.769497400346623,13.0,2,0,0,412.0,409.0,401.0,407.0,410.0,413.0,416.0,417.66666666666663
2016-10-19 13:15:00,167.0,577,410.0,28.942807625649912,13.25,2,0,0,411.0,412.0,406.0,409.5,413.0,416.0,417.66666666666663,419.33333333333337
2016-10-19 13:30:00,164.0,577,413.0,28.422876949740033,13.5,2,0,0,410.0,411.0,409.0,410.5,416.0,417.66666666666663,419.33333333333337,421.0
2016-10-19 13:45:00,161.0,577,416.0,27.902946273830153,13.75,2,0,0,413.0,410.0,412.0,411.5,417.66666666666663,419.33333333333337,421.0,433.0
2016-10-19 14:00:00,159.33333333333334,577,417.66666666666663,27.61409589832467,14.0,2,0,0,416.0,413.0,411.0,412.5,419.33333333333337,421.0,433.0,438.66666666666663
2016-10-19 14:15:00,157.66666666666666,577,419.33333333333337,27.32524552281918,14.25,2,0,0,417.66666666666663,416.0,410.0,414.1666666666667,421.0,433.0,438.66666666666663,444.33333333333337
2016-10-19 14:30:00,156.0,577,421.0,27.03639514731369,14.5,2,0,0,419.33333333333337,417.66666666666663,413.0,416.5,433.0,438.66666666666663,444.33333333333337,450.0
2016-10-19 14:45:00,144.0,577,433.0,24.956672443674176,14.75,2,0,0,421.0,419.33333333333337,416.0,418.5,438.66666666666663,444.33333333333337,450.0,460.0
2016-10-19 15:00:00,138.33333333333334,577,438.66666666666663,23.97458116695552,15.0,2,0,0,433.0,421.0,417.66666666666663,422.75,444.33333333333337,450.0,460.0,463.5
2016-10-19 15:15:00,132.66666666666666,577,444.33333333333337,22.992489890236854,15.25,2,0,0,438.66666666666663,433.0,419.33333333333337,428.0,450.0,460.0,463.5,467.0
2016-10-19 15:30:00,127.0,577,450.0,22.0103986135182,15.5,2,0,0,444.33333333333337,438.66666666666663,421.0,434.25,460.0,463.5,467.0,467.20866141732284
2016-10-19 15:45:00,117.0,577,460.0,20.27729636048527,15.75,2,0,0,450.0,444.33333333333337,433.0,441.5,463.5,467.0,467.20866141732284,467.4173228346457
2016-10-22 08:45:00,72.0,577,505.0,12.478336221837088,8.75,5,1,1,511.5,518.0,520.0,517.125,494.5,484.0,465.5,447.0
2016-10-22 09:00:00,82.5,577,494.5,14.298093587521663,9.0,5,1,1,505.0,511.5,519.0,513.375,484.0,465.5,447.0,434.0
2016-10-22 09:15:00,93.0,577,484.0,16.11785095320624,9.25,5,1,1,494.5,505.0,518.0,507.25,465.5,447.0,434.0,421.0
2016-10-22 09:30:00,111.5,577,465.5,19.32409012131716,9.5,5,1,1,484.0,494.5,511.5,498.75,447.0,434.0,421.0,400.0
2016-10-22 09:45:00,130.0,577,447.0,22.530329289428074,9.75,5,1,1,465.5,484.0,505.0,487.25,434.0,421.0,400.0,379.0
2016-10-22 10:00:00,143.0,577,434.0,24.783362218370883,10.0,5,1,1,447.0,465.5,494.5,472.75,421.0,400.0,379.0,365.33333333333337
2016-10-22 10:15:00,156.0,577,421.0,27.03639514731369,10.25,5,1,0,434.0,447.0,484.0,457.625,400.0,379.0,365.33333333333337,351.66666666666663
2016-10-22 10:30:00,177.0,577,400.0,30.675909878682845,10.5,5,1,0,421.0,434.0,465.5,441.875,379.0,365.33333333333337,351.66666666666663,338.0
2016-10-22 10:45:00,198.0,577,379.0,34.31542461005199,10.75,5,1,0,400.0,421.0,447.0,425.5,365.33333333333337,351.66666666666663,338.0,316.0
2016-10-22 11:00:00,211.66666666666666,577,365.33333333333337,36.68399768919699,11.0,5,1,0,379.0,400.0,434.0,408.5,351.66666666666663,338.0,316.0,295.0
2016-10-22 11:15:00,225.33333333333334,577,351.66666666666663,39.052570768342,11.25,5,1,0,365.33333333333337,379.0,421.0,391.33333333333337,338.0,316.0,295.0,274.0
2016-10-22 11:30:00,239.0,577,338.0,41.421143847487,11.5,5,1,0,351.66666666666663,365.33333333333337,400.0,374.0,316.0,295.0,274.0,253.0
2016-10-22 11:45:00,261.0,577,316.0,45.233968804159446,11.75,5,1,0,338.0,351.66666666666663,379.0,358.5,295.0,274.0,253.0,218.0
2016-10-22 12:00:00,282.0,577,295.0,48.87348353552859,12.0,5,1,0,316.0,338.0,365.33333333333337,342.75,274.0,253.0,218.0,211.0
2016-10-22 12:15:00,303.0,577,274.0,52.512998266897746,12.25,5,1,0,295.0,316.0,351.66666666666663,325.16666666666663,253.0,218.0,211.0,204.0
2016-10-22 12:30:00,324.0,577,253.0,56.1525129982669,12.5,5,1,0,274.0,295.0,338.0,305.75,218.0,211.0,204.0,197.0
2016-10-22 12:45:00,359.0,577,218.0,62.218370883882145,12.75,5,1,0,253.0,274.0,316.0,284.5,211.0,204.0,197.0,169.0
2016-10-22 13:00:00,366.0,577,211.0,63.43154246100519,13.0,5,1,0,218.0,253.0,295.0,260.0,204.0,197.0,169.0,161.66666666666669
2016-10-22 13:15:00,373.0,577,204.0,64.64471403812824,13.25,5,1,0,211.0,218.0,274.0,239.0,197.0,169.0,161.66666666666669,154.33333333333331
2016-10-22 13:30:00,380.0,577,197.0,65.8578856152513,13.5,5,1,0,204.0,211.0,253.0,221.5,169.0,161.66666666666669,154.33333333333331,147.0
2016-10-22 13:45:00,408.0,577,169.0,70.7105719237435,13.75,5,1,0,197.0,204.0,218.0,207.5,161.66666666666669,154.33333333333331,147.0,153.0
2016-10-22 14:00:00,415.3333333333333,577,161.66666666666669,71.98151357596765,14.0,5,1,0,169.0,197.0,211.0,195.25,154.33333333333331,147.0,153.0,163.5
2016-10-22 14:15:00,422.6666666666667,577,154.33333333333331,73.2524552281918,14.25,5,1,0,161.66666666666669,169.0,204.0,182.91666666666669,147.0,153.0,163.5,174.0
2016-10-22 14:30:00,430.0,577,147.0,74.52339688041594,14.5,5,1,0,154.33333333333331,161.66666666666669,197.0,170.5,153.0,163.5,174.0,183.5
2016-10-22 14:45:00,424.0,577,153.0,73.48353552859619,14.75,5,1,0,147.0,154.33333333333331,169.0,158.0,163.5,174.0,183.5,193.0
2016-10-22 15:00:00,413.5,577,163.5,71.66377816291161,15.0,5,1,0,153.0,147.0,161.66666666666669,154.0,174.0,183.5,193.0,215.0
2016-10-22 15:15:00,403.0,577,174.0,69.84402079722703,15.25,5,1,0,163.5,153.0,154.33333333333331,154.45833333333331,183.5,193.0,215.0,237.0
2016-10-22 15:30:00,393.5,577,183.5,68.19757365684576,15.5,5,1,0,174.0,163.5,147.0,159.375,193.0,215.0,237.0,241.72580645161293
2016-10-22 15:45:00,384.0,577,193.0,66.55112651646448,15.75,5,1,0,183.5,174.0,153.0,168.5,215.0,237.0,241.72580645161293,246.4516129032258
2016-10-23 08:45:00,51.0,577,526.0,8.838821490467938,8.75,6,1,1,527.5,529.0,530.0,529.0,526.5,527.0,525.0,523.0
2016-10-23 09:00:00,50.5,577,526.5,8.752166377816291,9.0,6,1,1,526.0,527.5,529.5,528.0,527.0,525.0,523.0,520.0
2016-10-23 09:15:00,50.0,577,527.0,8.665511265164644,9.25,6,1,1,526.5,526.0,529.0,527.25,525.0,523.0,520.0,517.0
2016-10-23 09:30:00,52.0,577,525.0,9.01213171577123,9.5,6,1,1,527.0,526.5,527.5,526.75,523.0,520.0,517.0,507.0
2016-10-23 09:45:00,54.0,577,523.0,9.358752166377817,9.75,6,1,1,525.0,527.0,526.0,526.125,520.0,517.0,507.0,497.0
2016-10-23 10:00:00,57.0,577,520.0,9.878682842287695,10.0,6,1,1,523.0,525.0,526.5,525.375,517.0,507.0,497.0,483.5
2016-10-23 10:15:00,60.0,577,517.0,10.398613518197573,10.25,6,1,0,520.0,523.0,527.0,523.75,507.0,497.0,483.5,470.0
2016-10-23 10:30:00,70.0,577,507.0,12.131715771230503,10.5,6,1,0,517.0,520.0,525.0,521.25,497.0,483.5,470.0,461.0
2016-10-23 10:45:00,80.0,577,497.0,13.864818024263432,10.75,6,1,0,507.0,517.0,523.0,516.75,483.5,470.0,461.0,452.0
2016-10-23 11:00:00,93.5,577,483.5,16.204506065857885,11.0,6,1,0,497.0,507.0,520.0,510.25,470.0,461.0,452.0,442.5
2016-10-23 11:15:00,107.0,577,470.0,18.544194107452338,11.25,6,1,0,483.5,497.0,517.0,501.125,461.0,452.0,442.5,433.0
2016-10-23 11:30:00,116.0,577,461.0,20.103986135181977,11.5,6,1,0,470.0,483.5,507.0,489.375,452.0,442.5,433.0,422.66666666666663
2016-10-23 11:45:00,125.0,577,452.0,21.663778162911612,11.75,6,1,0,461.0,470.0,497.0,477.875,442.5,433.0,422.66666666666663,412.33333333333337
2016-10-23 12:00:00,134.5,577,442.5,23.310225303292896,12.0,6,1,0,452.0,461.0,483.5,466.625,433.0,422.66666666666663,412.33333333333337,402.0
2016-10-23 12:15:00,144.0,577,433.0,24.956672443674176,12.25,6,1,0,442.5,452.0,470.0,456.375,422.66666666666663,412.33333333333337,402.0,385.0
2016-10-23 12:30:00,154.33333333333334,577,422.66666666666663,26.747544771808208,12.5,6,1,0,433.0,442.5,461.0,447.125,412.33333333333337,402.0,385.0,373.5
2016-10-23 12:45:00,164.66666666666666,577,412.33333333333337,28.538417099942226,12.75,6,1,0,422.66666666666663,433.0,452.0,437.54166666666663,402.0,385.0,373.5,362.0
2016-10-23 13:00:00,175.0,577,402.0,30.329289428076255,13.0,6,1,0,412.33333333333337,422.66666666666663,442.5,427.625,385.0,373.5,362.0,356.5
2016-10-23 13:15:00,192.0,577,385.0,33.27556325823224,13.25,6,1,0,402.0,412.33333333333337,433.0,417.5,373.5,362.0,356.5,351.0
2016-10-23 13:30:00,203.5,577,373.5,35.26863084922011,13.5,6,1,0,385.0,402.0,422.66666666666663,405.5,362.0,356.5,351.0,354.5
2016-10-23 13:45:00,215.0,577,362.0,37.26169844020797,13.75,6,1,0,373.5,385.0,412.33333333333337,393.20833333333337,356.5,351.0,354.5,358.0
2016-10-23 14:00:00,220.5,577,356.5,38.21490467937608,14.0,6,1,0,362.0,373.5,402.0,380.625,351.0,354.5,358.0,360.0
2016-10-23 14:15:00,226.0,577,351.0,39.168110918544194,14.25,6,1,0,356.5,362.0,385.0,369.25,354.5,358.0,360.0,362.0
2016-10-23 14:30:00,222.5,577,354.5,38.56152512998267,14.5,6,1,0,351.0,356.5,373.5,360.75,358.0,360.0,362.0,380.0
2016-10-23 14:45:00,219.0,577,358.0,37.954939341421145,14.75,6,1,0,354.5,351.0,362.0,356.0,360.0,362.0,380.0,398.0
2016-10-23 15:00:00,217.0,577,360.0,37.60831889081456,15.0,6,1,0,358.0,354.5,356.5,355.0,362.0,380.0,398.0,412.5
2016-10-23 15:15:00,215.0,577,362.0,37.26169844020797,15.25,6,1,0,360.0,358.0,351.0,355.875,380.0,398.0,412.5,427.0
2016-10-23 15:30:00,197.0,577,380.0,34.1421143847487,15.5,6,1,0,362.0,360.0,354.5,358.625,398.0,412.5,427.0,428.6612903225806
2016-10-23 15:45:00,179.0,577,398.0,31.022530329289427,15.75,6,1,0,380.0,362.0,358.0,365.0,412.5,427.0,428.6612903225806,430.3225806451613
2016-10-24 08:45:00,59.666666666666664,577,517.3333333333334,10.340843443096476,8.75,0,0,1,519.6666666666666,522.0,530.0,524.4166666666666,515.0,509.5,504.0,490.0
2016-10-24 09:00:00,62.0,577,515.0,10.74523396880416,9.0,0,0,1,517.3333333333334,519.6666666666666,526.0,521.25,509.5,504.0,490.0,481.0
2016-10-24 09:15:00,67.5,577,509.5,11.69844020797227,9.25,0,0,1,515.0,517.3333333333334,522.0,518.5,504.0,490.0,481.0,472.0
2016-10-24 09:30:00,73.0,577,504.0,12.65164644714038,9.5,0,0,1,509.5,515.0,519.6666666666666,515.375,490.0,481.0,472.0,463.0
2016-10-24 09:45:00,87.0,577,490.0,15.077989601386482,9.75,0,0,1,504.0,509.5,517.3333333333334,511.45833333333337,481.0,472.0,463.0,451.5
2016-10-24 10:00:00,96.0,577,481.0,16.63778162911612,10.0,0,0,1,490.0,504.0,515.0,504.625,472.0,463.0,451.5,440.0
2016-10-24 10:15:00,105.0,577,472.0,18.19757365684575,10.25,0,0,0,481.0,490.0,509.5,496.125,463.0,451.5,440.0,422.0
2016-10-24 10:30:00,114.0,577,463.0,19.75736568457539,10.5,0,0,0,472.0,481.0,504.0,486.75,451.5,440.0,422.0,416.0
2016-10-24 10:45:00,125.5,577,451.5,21.750433275563257,10.75,0,0,0,463.0,472.0,490.0,476.5,440.0,422.0,416.0,410.0
2016-10-24 11:00:00,137.0,577,440.0,23.743500866551127,11.0,0,0,0,451.5,463.0,481.0,466.875,422.0,416.0,410.0,404.0
2016-10-24 11:15:00,155.0,577,422.0,26.8630849220104,11.25,0,0,0,440.0,451.5,472.0,456.625,416.0,410.0,404.0,395.0
2016-10-24 11:30:00,161.0,577,416.0,27.902946273830153,11.5,0,0,0,422.0,440.0,463.0,444.125,410.0,404.0,395.0,386.0
2016-10-24 11:45:00,167.0,577,410.0,28.942807625649912,11.75,0,0,0,416.0,422.0,451.5,432.375,404.0,395.0,386.0,379.0
2016-10-24 12:00:00,173.0,577,404.0,29.98266897746967,12.0,0,0,0,410.0,416.0,440.0,422.0,395.0,386.0,379.0,375.66666666666663
2016-10-24 12:15:00,182.0,577,395.0,31.542461005199307,12.25,0,0,0,404.0,410.0,422.0,413.0,386.0,379.0,375.66666666666663,372.33333333333337
2016-10-24 12:30:00,191.0,577,386.0,33.10225303292894,12.5,0,0,0,395.0,404.0,416.0,406.25,379.0,375.66666666666663,372.33333333333337,369.0
2016-10-24 12:45:00,198.0,577,379.0,34.31542461005199,12.75,0,0,0,386.0,395.0,410.0,398.75,375.66666666666663,372.33333333333337,369.0,358.0
2016-10-24 13:00:00,201.33333333333334,577,375.66666666666663,34.89312536106297,13.0,0,0,0,379.0,386.0,404.0,391.0,372.33333333333337,369.0,358.0,359.33333333333337
2016-10-24 13:15:00,204.66666666666666,577,372.33333333333337,35.470826112073944,13.25,0,0,0,375.66666666666663,379.0,395.0,383.91666666666663,369.0,358.0,359.33333333333337,360.66666666666663
2016-10-24 13:30:00,208.0,577,369.0,36.04852686308492,13.5,0,0,0,372.33333333333337,375.66666666666663,386.0,378.25,358.0,359.33333333333337,360.66666666666663,362.0
2016-10-24 13:45:00,219.0,577,358.0,37.954939341421145,13.75,0,0,0,369.0,372.33333333333337,379.0,374.0,359.33333333333337,360.66666666666663,362.0,368.0
2016-10-24 14:00:00,217.66666666666666,577,359.33333333333337,37.72385904101675,14.0,0,0,0,358.0,369.0,375.66666666666663,368.75,360.66666666666663,362.0,368.0,368.0
2016-10-24 14:15:00,216.33333333333334,577,360.66666666666663,37.492778740612366,14.25,0,0,0,359.33333333333337,358.0,372.33333333333337,364.66666666666674,362.0,368.0,368.0,368.0
2016-10-24 14:30:00,215.0,577,362.0,37.26169844020797,14.5,0,0,0,360.66666666666663,359.33333333333337,369.0,361.75,368.0,368.0,368.0,368.0
2016-10-24 14:45:00,209.0,577,368.0,36.22183708838821,14.75,0,0,0,362.0,360.66666666666663,358.0,360.0,368.0,368.0,368.0,376.5
2016-10-24 15:00:00,209.0,577,368.0,36.22183708838821,15.0,0,0,0,368.0,362.0,359.33333333333337,362.5,368.0,368.0,376.5,385.0
2016-10-24 15:15:00,209.0,577,368.0,36.22183708838821,15.25,0,0,0,368.0,368.0,360.66666666666663,364.66666666666663,368.0,376.5,385.0,393.5
2016-10-24 15:30:00,209.0,577,368.0,36.22183708838821,15.5,0,0,0,368.0,368.0,362.0,366.5,376.5,385.0,393.5,402.0
2016-10-24 15:45:00,200.5,577,376.5,34.748700173310226,15.75,0,0,0,368.0,368.0,368.0,368.0,385.0,393.5,402.0,403.9516129032258
2016-10-24 16:00:00,192.0,577,385.0,33.27556325823224,16.0,0,0,0,376.5,368.0,368.0,370.125,393.5,402.0,403.9516129032258,405.9032258064516
2016-10-25 09:00:00,82.0,577,495.0,14.211438474870016,9.0,1,0,1,504.0,513.0,523.0,515.5,482.0,465.0,448.0,426.0
2016-10-25 09:15:00,95.0,577,482.0,16.464471403812826,9.25,1,0,1,495.0,504.0,522.0,508.5,465.0,448.0,426.0,404.0
2016-10-25 09:30:00,112.0,577,465.0,19.410745233968804,9.5,1,0,1,482.0,495.0,513.0,498.5,448.0,426.0,404.0,389.5
2016-10-25 09:45:00,129.0,577,448.0,22.357019064124785,9.75,1,0,1,465.0,482.0,504.0,486.5,426.0,404.0,389.5,375.0
2016-10-25 10:00:00,151.0,577,426.0,26.16984402079723,10.0,1,0,1,448.0,465.0,495.0,472.5,404.0,389.5,375.0,351.5
2016-10-25 10:15:00,173.0,577,404.0,29.98266897746967,10.25,1,0,0,426.0,448.0,482.0,455.25,389.5,375.0,351.5,328.0
2016-10-25 10:30:00,187.5,577,389.5,32.49566724436742,10.5,1,0,0,404.0,426.0,465.0,435.75,375.0,351.5,328.0,314.3333333333333
2016-10-25 10:45:00,202.0,577,375.0,35.008665511265164,10.75,1,0,0,389.5,404.0,448.0,416.875,351.5,328.0,314.3333333333333,300.6666666666667
2016-10-25 11:00:00,225.5,577,351.5,39.081455805892546,11.0,1,0,0,375.0,389.5,426.0,398.625,328.0,314.3333333333333,300.6666666666667,287.0
2016-10-25 11:15:00,249.0,577,328.0,43.154246100519934,11.25,1,0,0,351.5,375.0,404.0,380.0,314.3333333333333,300.6666666666667,287.0,274.0
2016-10-25 11:30:00,262.6666666666667,577,314.3333333333333,45.522819179664936,11.5,1,0,0,328.0,351.5,389.5,361.0,300.6666666666667,287.0,274.0,264.6666666666667
2016-10-25 11:45:00,276.3333333333333,577,300.6666666666667,47.89139225880994,11.75,1,0,0,314.3333333333333,328.0,375.0,342.2083333333333,287.0,274.0,264.6666666666667,255.33333333333331
2016-10-25 12:00:00,290.0,577,287.0,50.25996533795494,12.0,1,0,0,300.6666666666667,314.3333333333333,351.5,323.625,274.0,264.6666666666667,255.33333333333331,246.0
2016-10-25 12:15:00,303.0,577,274.0,52.512998266897746,12.25,1,0,0,287.0,300.6666666666667,328.0,307.5,264.6666666666667,255.33333333333331,246.0,232.0
2016-10-25 12:30:00,312.3333333333333,577,264.6666666666667,54.13056036972848,12.5,1,0,0,274.0,287.0,314.3333333333333,294.0,255.33333333333331,246.0,232.0,223.0
2016-10-25 12:45:00,321.6666666666667,577,255.33333333333331,55.74812247255922,12.75,1,0,0,264.6666666666667,274.0,300.6666666666667,281.58333333333337,246.0,232.0,223.0,214.0
2016-10-25 13:00:00,331.0,577,246.0,57.36568457538995,13.0,1,0,0,255.33333333333331,264.6666666666667,287.0,270.25,232.0,223.0,214.0,213.0
2016-10-25 13:15:00,345.0,577,232.0,59.79202772963605,13.25,1,0,0,246.0,255.33333333333331,274.0,260.0,223.0,214.0,213.0,212.0
2016-10-25 13:30:00,354.0,577,223.0,61.35181975736569,13.5,1,0,0,232.0,246.0,264.6666666666667,249.5,214.0,213.0,212.0,220.33333333333331
2016-10-25 13:45:00,363.0,577,214.0,62.911611785095324,13.75,1,0,0,223.0,232.0,255.33333333333331,239.08333333333331,213.0,212.0,220.33333333333331,228.66666666666669
2016-10-25 14:00:00,364.0,577,213.0,63.084922010398614,14.0,1,0,0,214.0,223.0,246.0,228.75,212.0,220.33333333333331,228.66666666666669,237.0
2016-10-25 14:15:00,365.0,577,212.0,63.258232235701904,14.25,1,0,0,213.0,214.0,232.0,220.5,220.33333333333331,228.66666666666669,237.0,275.0
2016-10-25 14:30:00,356.6666666666667,577,220.33333333333331,61.81398035817447,14.5,1,0,0,212.0,213.0,223.0,215.5,228.66666666666669,237.0,275.0,289.5
2016-10-25 14:45:00,348.3333333333333,577,228.66666666666669,60.36972848064702,14.75,1,0,0,220.33333333333331,212.0,214.0,214.83333333333331,237.0,275.0,289.5,304.0
2016-10-25 15:00:00,340.0,577,237.0,58.925476603119584,15.0,1,0,0,228.66666666666669,220.33333333333331,213.0,218.5,275.0,289.5,304.0,327.5
2016-10-25 15:15:00,302.0,577,275.0,52.33968804159446,15.25,1,0,0,237.0,228.66666666666669,212.0,224.5,289.5,304.0,327.5,351.0
2016-10-25 15:30:00,287.5,577,289.5,49.82668977469671,15.5,1,0,0,275.0,237.0,220.33333333333331,240.25,304.0,327.5,351.0,353.741935483871
2016-10-25 15:45:00,273.0,577,304.0,47.313691507798964,15.75,1,0,0,289.5,275.0,228.66666666666669,257.5416666666667,327.5,351.0,353.741935483871,356.48387096774195
2016-10-26 08:45:00,70.0,577,507.0,12.131715771230503,8.75,2,0,1,514.0,516.3333333333334,521.0,517.5,498.5,490.0,479.5,469.0
2016-10-26 09:00:00,78.5,577,498.5,13.604852686308492,9.0,2,0,1,507.0,514.0,518.6666666666666,514.0,490.0,479.5,469.0,460.5
2016-10-26 09:15:00,87.0,577,490.0,15.077989601386482,9.25,2,0,1,498.5,507.0,516.3333333333334,508.95833333333337,479.5,469.0,460.5,452.0
2016-10-26 09:30:00,97.5,577,479.5,16.897746967071058,9.5,2,0,1,490.0,498.5,514.0,502.375,469.0,460.5,452.0,435.0
2016-10-26 09:45:00,108.0,577,469.0,18.717504332755635,9.75,2,0,1,479.5,490.0,507.0,493.75,460.5,452.0,435.0,418.0
2016-10-26 10:00:00,116.5,577,460.5,20.19064124783362,10.0,2,0,1,469.0,479.5,498.5,484.25,452.0,435.0,418.0,406.5
2016-10-26 10:15:00,125.0,577,452.0,21.663778162911612,10.25,2,0,0,460.5,469.0,490.0,474.75,435.0,418.0,406.5,395.0
2016-10-26 10:30:00,142.0,577,435.0,24.610051993067593,10.5,2,0,0,452.0,460.5,479.5,465.25,418.0,406.5,395.0,387.0
2016-10-26 10:45:00,159.0,577,418.0,27.55632582322357,10.75,2,0,0,435.0,452.0,469.0,454.125,406.5,395.0,387.0,379.0
2016-10-26 11:00:00,170.5,577,406.5,29.54939341421144,11.0,2,0,0,418.0,435.0,460.5,441.375,395.0,387.0,379.0,375.5
2016-10-26 11:15:00,182.0,577,395.0,31.542461005199307,11.25,2,0,0,406.5,418.0,452.0,427.875,387.0,379.0,375.5,372.0
2016-10-26 11:30:00,190.0,577,387.0,32.92894280762565,11.5,2,0,0,395.0,406.5,435.0,413.625,379.0,375.5,372.0,359.0
2016-10-26 11:45:00,198.0,577,379.0,34.31542461005199,11.75,2,0,0,387.0,395.0,418.0,401.625,375.5,372.0,359.0,346.0
2016-10-26 12:00:00,201.5,577,375.5,34.922010398613516,12.0,2,0,0,379.0,387.0,406.5,391.875,372.0,359.0,346.0,339.5
2016-10-26 12:15:00,205.0,577,372.0,35.52859618717504,12.25,2,0,0,375.5,379.0,395.0,384.125,359.0,346.0,339.5,333.0
2016-10-26 12:30:00,218.0,577,359.0,37.78162911611785,12.5,2,0,0,372.0,375.5,387.0,378.375,346.0,339.5,333.0,325.0
2016-10-26 12:45:00,231.0,577,346.0,40.03466204506066,12.75,2,0,0,359.0,372.0,379.0,371.375,339.5,333.0,325.0,317.0
2016-10-26 13:00:00,237.5,577,339.5,41.161178509532064,13.0,2,0,0,346.0,359.0,375.5,363.125,333.0,325.0,317.0,313.5
2016-10-26 13:15:00,244.0,577,333.0,42.287694974003465,13.25,2,0,0,339.5,346.0,372.0,354.125,325.0,317.0,313.5,310.0
2016-10-26 13:30:00,252.0,577,325.0,43.67417677642981,13.5,2,0,0,333.0,339.5,359.0,344.375,317.0,313.5,310.0,317.5
2016-10-26 13:45:00,260.0,577,317.0,45.06065857885615,13.75,2,0,0,325.0,333.0,346.0,335.875,313.5,310.0,317.5,325.0
2016-10-26 14:00:00,263.5,577,313.5,45.66724436741767,14.0,2,0,0,317.0,325.0,339.5,328.625,310.0,317.5,325.0,332.0
2016-10-26 14:15:00,267.0,577,310.0,46.2738301559792,14.25,2,0,0,313.5,317.0,333.0,322.125,317.5,325.0,332.0,339.0
2016-10-26 14:30:00,259.5,577,317.5,44.97400346620451,14.5,2,0,0,310.0,313.5,325.0,316.375,325.0,332.0,339.0,352.0
2016-10-26 14:45:00,252.0,577,325.0,43.67417677642981,14.75,2,0,0,317.5,310.0,317.0,314.5,332.0,339.0,352.0,365.0
2016-10-26 15:00:00,245.0,577,332.0,42.46100519930676,15.0,2,0,0,325.0,317.5,313.5,316.5,339.0,352.0,365.0,375.66666666666663
2016-10-26 15:15:00,238.0,577,339.0,41.24783362218371,15.25,2,0,0,332.0,325.0,310.0,321.125,352.0,365.0,375.66666666666663,386.33333333333337
2016-10-26 15:30:00,225.0,577,352.0,38.9948006932409,15.5,2,0,0,339.0,332.0,317.5,328.375,365.0,375.66666666666663,386.33333333333337,397.0
2016-10-26 15:45:00,212.0,577,365.0,36.741767764298096,15.75,2,0,0,352.0,339.0,325.0,337.0,375.66666666666663,386.33333333333337,397.0,399.0655737704918
2016-10-26 16:00:00,201.33333333333334,577,375.66666666666663,34.89312536106297,16.0,2,0,0,365.0,352.0,332.0,347.0,386.33333333333337,397.0,399.0655737704918,401.13114754098365
2016-10-27 08:45:00,69.0,577,508.0,11.95840554592721,8.75,3,0,1,517.0,519.0,523.0,520.0,501.0,494.0,487.0,475.0
2016-10-27 09:00:00,76.0,577,501.0,13.171577123050259,9.0,3,0,1,508.0,517.0,521.0,516.25,494.0,487.0,475.0,467.5
2016-10-27 09:15:00,83.0,577,494.0,14.384748700173311,9.25,3,0,1,501.0,508.0,519.0,511.25,487.0,475.0,467.5,460.0
2016-10-27 09:30:00,90.0,577,487.0,15.597920277296359,9.5,3,0,1,494.0,501.0,517.0,505.0,475.0,467.5,460.0,438.5
2016-10-27 09:45:00,102.0,577,475.0,17.677642980935875,9.75,3,0,1,487.0,494.0,508.0,497.5,467.5,460.0,438.5,417.0
2016-10-27 10:00:00,109.5,577,467.5,18.977469670710573,10.0,3,0,1,475.0,487.0,501.0,489.25,460.0,438.5,417.0,407.33333333333337
2016-10-27 10:15:00,117.0,577,460.0,20.27729636048527,10.25,3,0,0,467.5,475.0,494.0,480.875,438.5,417.0,407.33333333333337,397.66666666666663
2016-10-27 10:30:00,138.5,577,438.5,24.003466204506065,10.5,3,0,0,460.0,467.5,487.0,472.375,417.0,407.33333333333337,397.66666666666663,388.0
2016-10-27 10:45:00,160.0,577,417.0,27.729636048526864,10.75,3,0,0,438.5,460.0,475.0,460.25,407.33333333333337,397.66666666666663,388.0,370.0
2016-10-27 11:00:00,169.66666666666666,577,407.33333333333337,29.404968226458696,11.0,3,0,0,417.0,438.5,467.5,445.75,397.66666666666663,388.0,370.0,362.5
2016-10-27 11:15:00,179.33333333333334,577,397.66666666666663,31.080300404390528,11.25,3,0,0,407.33333333333337,417.0,460.0,430.70833333333337,388.0,370.0,362.5,355.0
2016-10-27 11:30:00,189.0,577,388.0,32.755632582322356,11.5,3,0,0,397.66666666666663,407.33333333333337,438.5,415.125,370.0,362.5,355.0,342.5
2016-10-27 11:45:00,207.0,577,370.0,35.875216637781634,11.75,3,0,0,388.0,397.66666666666663,417.0,402.5,362.5,355.0,342.5,330.0
2016-10-27 12:00:00,214.5,577,362.5,37.17504332755633,12.0,3,0,0,370.0,388.0,407.33333333333337,390.75,355.0,342.5,330.0,322.0
2016-10-27 12:15:00,222.0,577,355.0,38.47487001733102,12.25,3,0,0,362.5,370.0,397.66666666666663,379.54166666666663,342.5,330.0,322.0,314.0
2016-10-27 12:30:00,234.5,577,342.5,40.64124783362219,12.5,3,0,0,355.0,362.5,388.0,368.875,330.0,322.0,314.0,306.0
2016-10-27 12:45:00,247.0,577,330.0,42.80762564991335,12.75,3,0,0,342.5,355.0,370.0,357.5,322.0,314.0,306.0,298.0
2016-10-27 13:00:00,255.0,577,322.0,44.194107452339686,13.0,3,0,0,330.0,342.5,362.5,347.5,314.0,306.0,298.0,297.5
2016-10-27 13:15:00,263.0,577,314.0,45.58058925476603,13.25,3,0,0,322.0,330.0,355.0,337.375,306.0,298.0,297.5,297.0
2016-10-27 13:30:00,271.0,577,306.0,46.96707105719237,13.5,3,0,0,314.0,322.0,342.5,327.125,298.0,297.5,297.0,304.0
2016-10-27 13:45:00,279.0,577,298.0,48.353552859618716,13.75,3,0,0,306.0,314.0,330.0,318.0,297.5,297.0,304.0,311.0
2016-10-27 14:00:00,279.5,577,297.5,48.440207972270365,14.0,3,0,0,298.0,306.0,322.0,310.0,297.0,304.0,311.0,312.5
2016-10-27 14:15:00,280.0,577,297.0,48.52686308492201,14.25,3,0,0,297.5,298.0,314.0,303.875,304.0,311.0,312.5,314.0
2016-10-27 14:30:00,273.0,577,304.0,47.313691507798964,14.5,3,0,0,297.0,297.5,306.0,299.625,311.0,312.5,314.0,325.0
2016-10-27 14:45:00,266.0,577,311.0,46.10051993067591,14.75,3,0,0,304.0,297.0,298.0,299.125,312.5,314.0,325.0,336.0
2016-10-27 15:00:00,264.5,577,312.5,45.84055459272097,15.0,3,0,0,311.0,304.0,297.5,302.375,314.0,325.0,336.0,344.0
2016-10-27 15:15:00,263.0,577,314.0,45.58058925476603,15.25,3,0,0,312.5,311.0,297.0,306.125,325.0,336.0,344.0,352.0
2016-10-27 15:30:00,252.0,577,325.0,43.67417677642981,15.5,3,0,0,314.0,312.5,304.0,310.375,336.0,344.0,352.0,354.625
2016-10-27 15:45:00,241.0,577,336.0,41.76776429809358,15.75,3,0,0,325.0,314.0,311.0,315.625,344.0,352.0,354.625,357.25
2016-10-28 09:15:00,99.0,577,478.0,17.157712305025996,9.25,4,0,1,493.0,508.0,520.0,508.75,466.0,454.0,442.0,406.0
2016-10-28 09:30:00,111.0,577,466.0,19.23743500866551,9.5,4,0,1,478.0,493.0,514.0,498.25,454.0,442.0,406.0,393.5
2016-10-28 09:45:00,123.0,577,454.0,21.317157712305026,9.75,4,0,1,466.0,478.0,508.0,486.25,442.0,406.0,393.5,381.0
2016-10-28 10:00:00,135.0,577,442.0,23.39688041594454,10.0,4,0,1,454.0,466.0,493.0,472.75,406.0,393.5,381.0,364.0
2016-10-28 10:15:00,171.0,577,406.0,29.636048526863085,10.25,4,0,0,442.0,454.0,478.0,460.0,393.5,381.0,364.0,347.0
2016-10-28 10:30:00,183.5,577,393.5,31.802426343154245,10.5,4,0,0,406.0,442.0,466.0,442.0,381.0,364.0,347.0,336.33333333333337
2016-10-28 10:45:00,196.0,577,381.0,33.96880415944541,10.75,4,0,0,393.5,406.0,454.0,423.875,364.0,347.0,336.33333333333337,325.66666666666663
2016-10-28 11:00:00,213.0,577,364.0,36.915077989601386,11.0,4,0,0,381.0,393.5,442.0,405.625,347.0,336.33333333333337,325.66666666666663,315.0
2016-10-28 11:15:00,230.0,577,347.0,39.86135181975737,11.25,4,0,0,364.0,381.0,406.0,386.125,336.33333333333337,325.66666666666663,315.0,308.0
2016-10-28 11:30:00,240.66666666666666,577,336.33333333333337,41.709994222992485,11.5,4,0,0,347.0,364.0,393.5,371.375,325.66666666666663,315.0,308.0,309.0
2016-10-28 11:45:00,251.33333333333334,577,325.66666666666663,43.55863662622762,11.75,4,0,0,336.33333333333337,347.0,381.0,357.08333333333337,315.0,308.0,309.0,310.0
2016-10-28 12:00:00,262.0,577,315.0,45.407279029462735,12.0,4,0,0,325.66666666666663,336.33333333333337,364.0,343.25,308.0,309.0,310.0,311.0
2016-10-28 12:15:00,269.0,577,308.0,46.62045060658579,12.25,4,0,0,315.0,325.66666666666663,347.0,331.0,309.0,310.0,311.0,302.0
2016-10-28 12:30:00,268.0,577,309.0,46.447140381282495,12.5,4,0,0,308.0,315.0,336.33333333333337,321.25,310.0,311.0,302.0,295.0
2016-10-28 12:45:00,267.0,577,310.0,46.2738301559792,12.75,4,0,0,309.0,308.0,325.66666666666663,314.41666666666663,311.0,302.0,295.0,288.0
2016-10-28 13:00:00,266.0,577,311.0,46.10051993067591,13.0,4,0,0,310.0,309.0,315.0,310.5,302.0,295.0,288.0,281.0
2016-10-28 13:15:00,275.0,577,302.0,47.66031195840554,13.25,4,0,0,311.0,310.0,308.0,309.5,295.0,288.0,281.0,287.0
2016-10-28 13:30:00,282.0,577,295.0,48.87348353552859,13.5,4,0,0,302.0,311.0,309.0,308.0,288.0,281.0,287.0,289.6666666666667
2016-10-28 13:45:00,289.0,577,288.0,50.08665511265165,13.75,4,0,0,295.0,302.0,310.0,304.5,281.0,287.0,289.6666666666667,292.3333333333333
2016-10-28 14:00:00,296.0,577,281.0,51.2998266897747,14.0,4,0,0,288.0,295.0,311.0,299.0,287.0,289.6666666666667,292.3333333333333,295.0
2016-10-28 14:15:00,290.0,577,287.0,50.25996533795494,14.25,4,0,0,281.0,288.0,302.0,291.5,289.6666666666667,292.3333333333333,295.0,308.0
2016-10-28 14:30:00,287.3333333333333,577,289.6666666666667,49.79780473714616,14.5,4,0,0,287.0,281.0,295.0,287.75,292.3333333333333,295.0,308.0,312.3333333333333
2016-10-28 14:45:00,284.6666666666667,577,292.3333333333333,49.33564413633738,14.75,4,0,0,289.6666666666667,287.0,288.0,286.4166666666667,295.0,308.0,312.3333333333333,316.6666666666667
2016-10-28 15:00:00,282.0,577,295.0,48.87348353552859,15.0,4,0,0,292.3333333333333,289.6666666666667,281.0,287.5,308.0,312.3333333333333,316.6666666666667,321.0
2016-10-28 15:15:00,269.0,577,308.0,46.62045060658579,15.25,4,0,0,295.0,292.3333333333333,287.0,291.0,312.3333333333333,316.6666666666667,321.0,357.0
2016-10-28 15:30:00,264.6666666666667,577,312.3333333333333,45.86943963027152,15.5,4,0,0,308.0,295.0,289.6666666666667,296.25,316.6666666666667,321.0,357.0,359.7258064516129
2016-10-28 15:45:00,260.3333333333333,577,316.6666666666667,45.118428653957245,15.75,4,0,0,312.3333333333333,308.0,292.3333333333333,301.91666666666663,321.0,357.0,359.7258064516129,362.4516129032258
2016-10-29 08:45:00,66.0,577,511.0,11.438474870017332,8.75,5,1,1,516.0,521.0,526.0,521.625,498.5,486.0,469.5,453.0
2016-10-29 09:00:00,78.5,577,498.5,13.604852686308492,9.0,5,1,1,511.0,516.0,523.5,517.875,486.0,469.5,453.0,433.0
2016-10-29 09:15:00,91.0,577,486.0,15.771230502599654,9.25,5,1,1,498.5,511.0,521.0,511.625,469.5,453.0,433.0,413.0
2016-10-29 09:30:00,107.5,577,469.5,18.630849220103986,9.5,5,1,1,486.0,498.5,516.0,502.875,453.0,433.0,413.0,388.5
2016-10-29 09:45:00,124.0,577,453.0,21.49046793760832,9.75,5,1,1,469.5,486.0,511.0,491.25,433.0,413.0,388.5,364.0
2016-10-29 10:00:00,144.0,577,433.0,24.956672443674176,10.0,5,1,1,453.0,469.5,498.5,476.75,413.0,388.5,364.0,337.0
2016-10-29 10:15:00,164.0,577,413.0,28.422876949740033,10.25,5,1,0,433.0,453.0,486.0,460.375,388.5,364.0,337.0,310.0
2016-10-29 10:30:00,188.5,577,388.5,32.668977469670715,10.5,5,1,0,413.0,433.0,469.5,442.125,364.0,337.0,310.0,294.3333333333333
2016-10-29 10:45:00,213.0,577,364.0,36.915077989601386,10.75,5,1,0,388.5,413.0,453.0,421.875,337.0,310.0,294.3333333333333,278.6666666666667
2016-10-29 11:00:00,240.0,577,337.0,41.59445407279029,11.0,5,1,0,364.0,388.5,433.0,399.625,310.0,294.3333333333333,278.6666666666667,263.0
2016-10-29 11:15:00,267.0,577,310.0,46.2738301559792,11.25,5,1,0,337.0,364.0,413.0,375.625,294.3333333333333,278.6666666666667,263.0,238.0
2016-10-29 11:30:00,282.6666666666667,577,294.3333333333333,48.98902368573079,11.5,5,1,0,310.0,337.0,388.5,349.875,278.6666666666667,263.0,238.0,238.5
2016-10-29 11:45:00,298.3333333333333,577,278.6666666666667,51.70421721548237,11.75,5,1,0,294.3333333333333,310.0,364.0,326.3333333333333,263.0,238.0,238.5,239.0
2016-10-29 12:00:00,314.0,577,263.0,54.41941074523397,12.0,5,1,0,278.6666666666667,294.3333333333333,337.0,305.0,238.0,238.5,239.0,224.0
2016-10-29 12:15:00,339.0,577,238.0,58.752166377816295,12.25,5,1,0,263.0,278.6666666666667,310.0,286.5,238.5,239.0,224.0,209.0
2016-10-29 12:30:00,338.5,577,238.5,58.665511265164646,12.5,5,1,0,238.0,263.0,294.3333333333333,268.5,239.0,224.0,209.0,210.0
2016-10-29 12:45:00,338.0,577,239.0,58.578856152513005,12.75,5,1,0,238.5,238.0,278.6666666666667,254.54166666666669,224.0,209.0,210.0,211.0
2016-10-29 13:00:00,353.0,577,224.0,61.178509532062385,13.0,5,1,0,239.0,238.5,263.0,244.625,209.0,210.0,211.0,207.0
2016-10-29 13:15:00,368.0,577,209.0,63.77816291161178,13.25,5,1,0,224.0,239.0,238.0,234.875,210.0,211.0,207.0,203.0
2016-10-29 13:30:00,367.0,577,210.0,63.60485268630849,13.5,5,1,0,209.0,224.0,238.5,227.625,211.0,207.0,203.0,183.0
2016-10-29 13:45:00,366.0,577,211.0,63.43154246100519,13.75,5,1,0,210.0,209.0,239.0,220.5,207.0,203.0,183.0,163.0
2016-10-29 14:00:00,370.0,577,207.0,64.12478336221838,14.0,5,1,0,211.0,210.0,224.0,213.5,203.0,183.0,163.0,161.5
2016-10-29 14:15:00,374.0,577,203.0,64.81802426343154,14.25,5,1,0,207.0,211.0,209.0,209.25,183.0,163.0,161.5,160.0
2016-10-29 14:30:00,394.0,577,183.0,68.2842287694974,14.5,5,1,0,203.0,207.0,210.0,207.75,163.0,161.5,160.0,160.0
2016-10-29 14:45:00,414.0,577,163.0,71.75043327556327,14.75,5,1,0,183.0,203.0,211.0,201.0,161.5,160.0,160.0,160.0
2016-10-29 15:00:00,415.5,577,161.5,72.0103986135182,15.0,5,1,0,163.0,183.0,207.0,189.0,160.0,160.0,160.0,184.0
2016-10-29 15:15:00,417.0,577,160.0,72.27036395147314,15.25,5,1,0,161.5,163.0,203.0,177.625,160.0,160.0,184.0,208.0
2016-10-29 15:30:00,417.0,577,160.0,72.27036395147314,15.5,5,1,0,160.0,161.5,183.0,166.875,160.0,184.0,208.0,213.25806451612902
2016-10-29 15:45:00,417.0,577,160.0,72.27036395147314,15.75,5,1,0,160.0,160.0,163.0,161.125,184.0,208.0,213.25806451612902,218.51612903225805
2016-10-30 08:45:00,45.0,577,532.0,7.798960138648179,8.75,6,1,1,532.5,533.0,534.0,533.25,532.5,533.0,531.5,530.0
2016-10-30 09:00:00,44.5,577,532.5,7.712305025996534,9.0,6,1,1,532.0,532.5,533.5,532.75,533.0,531.5,530.0,523.0
2016-10-30 09:15:00,44.0,577,533.0,7.625649913344887,9.25,6,1,1,532.5,532.0,533.0,532.5,531.5,530.0,523.0,516.0
2016-10-30 09:30:00,45.5,577,531.5,7.885615251299827,9.5,6,1,1,533.0,532.5,532.5,532.5,530.0,523.0,516.0,504.5
2016-10-30 09:45:00,47.0,577,530.0,8.145580589254767,9.75,6,1,1,531.5,533.0,532.0,532.25,523.0,516.0,504.5,493.0
2016-10-30 10:00:00,54.0,577,523.0,9.358752166377817,10.0,6,1,1,530.0,531.5,532.5,531.75,516.0,504.5,493.0,481.5
2016-10-30 10:15:00,61.0,577,516.0,10.571923743500866,10.25,6,1,0,523.0,530.0,533.0,529.375,504.5,493.0,481.5,470.0
2016-10-30 10:30:00,72.5,577,504.5,12.564991334488735,10.5,6,1,0,516.0,523.0,531.5,525.125,493.0,481.5,470.0,462.5
2016-10-30 10:45:00,84.0,577,493.0,14.558058925476603,10.75,6,1,0,504.5,516.0,530.0,518.375,481.5,470.0,462.5,455.0
2016-10-30 11:00:00,95.5,577,481.5,16.55112651646447,11.0,6,1,0,493.0,504.5,523.0,509.125,470.0,462.5,455.0,445.0
2016-10-30 11:15:00,107.0,577,470.0,18.544194107452338,11.25,6,1,0,481.5,493.0,516.0,498.75,462.5,455.0,445.0,435.0
2016-10-30 11:30:00,114.5,577,462.5,19.844020797227035,11.5,6,1,0,470.0,481.5,504.5,487.25,455.0,445.0,435.0,426.0
2016-10-30 11:45:00,122.0,577,455.0,21.143847487001732,11.75,6,1,0,462.5,470.0,493.0,476.75,445.0,435.0,426.0,417.0
2016-10-30 12:00:00,132.0,577,445.0,22.876949740034664,12.0,6,1,0,455.0,462.5,481.5,467.25,435.0,426.0,417.0,408.0
2016-10-30 12:15:00,142.0,577,435.0,24.610051993067593,12.25,6,1,0,445.0,455.0,470.0,458.125,426.0,417.0,408.0,400.0
2016-10-30 12:30:00,151.0,577,426.0,26.16984402079723,12.5,6,1,0,435.0,445.0,462.5,449.375,417.0,408.0,400.0,397.5
2016-10-30 12:45:00,160.0,577,417.0,27.729636048526864,12.75,6,1,0,426.0,435.0,455.0,440.25,408.0,400.0,397.5,395.0
2016-10-30 13:00:00,169.0,577,408.0,29.289428076256502,13.0,6,1,0,417.0,426.0,445.0,430.75,400.0,397.5,395.0,394.66666666666663
2016-10-30 13:15:00,177.0,577,400.0,30.675909878682845,13.25,6,1,0,408.0,417.0,435.0,421.5,397.5,395.0,394.66666666666663,394.33333333333337
2016-10-30 13:30:00,179.5,577,397.5,31.109185441941072,13.5,6,1,0,400.0,408.0,426.0,412.75,395.0,394.66666666666663,394.33333333333337,394.0
2016-10-30 13:45:00,182.0,577,395.0,31.542461005199307,13.75,6,1,0,397.5,400.0,417.0,405.625,394.66666666666663,394.33333333333337,394.0,407.0
2016-10-30 14:00:00,182.33333333333334,577,394.66666666666663,31.600231080300407,14.0,6,1,0,395.0,397.5,408.0,400.125,394.33333333333337,394.0,407.0,420.0
2016-10-30 14:15:00,182.66666666666666,577,394.33333333333337,31.6580011554015,14.25,6,1,0,394.66666666666663,395.0,400.0,396.79166666666663,394.0,407.0,420.0,425.0
2016-10-30 14:30:00,183.0,577,394.0,31.715771230502597,14.5,6,1,0,394.33333333333337,394.66666666666663,397.5,395.375,407.0,420.0,425.0,430.0
2016-10-30 14:45:00,170.0,577,407.0,29.462738301559792,14.75,6,1,0,394.0,394.33333333333337,395.0,394.5,420.0,425.0,430.0,431.4848484848485
2016-10-30 15:00:00,157.0,577,420.0,27.209705372616984,15.0,6,1,0,407.0,394.0,394.66666666666663,397.5,425.0,430.0,431.4848484848485,432.969696969697
2016-10-31 09:00:00,67.0,577,510.0,11.611785095320624,9.0,0,0,1,513.0,516.0,528.0,519.0,485.0,478.6666666666667,472.3333333333333,466.0
2016-10-31 09:15:00,92.0,577,485.0,15.944540727902945,9.25,0,0,1,510.0,513.0,519.0,514.5,478.6666666666667,472.3333333333333,466.0,448.0
2016-10-31 09:30:00,98.33333333333333,577,478.6666666666667,17.042172154823803,9.5,0,0,1,485.0,510.0,516.0,506.0,472.3333333333333,466.0,448.0,435.66666666666663
2016-10-31 09:45:00,104.66666666666667,577,472.3333333333333,18.13980358174466,9.75,0,0,1,478.6666666666667,485.0,513.0,496.6666666666667,466.0,448.0,435.66666666666663,423.33333333333337
2016-10-31 10:00:00,111.0,577,466.0,19.23743500866551,10.0,0,0,1,472.3333333333333,478.6666666666667,510.0,486.5,448.0,435.66666666666663,423.33333333333337,411.0
2016-10-31 10:15:00,129.0,577,448.0,22.357019064124785,10.25,0,0,0,466.0,472.3333333333333,485.0,475.5,435.66666666666663,423.33333333333337,411.0,399.0
2016-10-31 10:30:00,141.33333333333334,577,435.66666666666663,24.494511842865396,10.5,0,0,0,448.0,466.0,478.6666666666667,466.25,423.33333333333337,411.0,399.0,392.33333333333337
2016-10-31 10:45:00,153.66666666666666,577,423.33333333333337,26.632004621606008,10.75,0,0,0,435.66666666666663,448.0,472.3333333333333,455.5,411.0,399.0,392.33333333333337,385.66666666666663
2016-10-31 11:00:00,166.0,577,411.0,28.769497400346623,11.0,0,0,0,423.33333333333337,435.66666666666663,466.0,443.25,399.0,392.33333333333337,385.66666666666663,379.0
2016-10-31 11:15:00,178.0,577,399.0,30.849220103986134,11.25,0,0,0,411.0,423.33333333333337,448.0,429.5,392.33333333333337,385.66666666666663,379.0,378.0
2016-10-31 11:30:00,184.66666666666666,577,392.33333333333337,32.00462160600809,11.5,0,0,0,399.0,411.0,435.66666666666663,417.25,385.66666666666663,379.0,378.0,378.33333333333337
2016-10-31 11:45:00,191.33333333333334,577,385.66666666666663,33.16002310803004,11.75,0,0,0,392.33333333333337,399.0,423.33333333333337,406.41666666666674,379.0,378.0,378.33333333333337,378.66666666666663
2016-10-31 12:00:00,198.0,577,379.0,34.31542461005199,12.0,0,0,0,385.66666666666663,392.33333333333337,411.0,397.0,378.0,378.33333333333337,378.66666666666663,379.0
2016-10-31 12:15:00,199.0,577,378.0,34.48873483535528,12.25,0,0,0,379.0,385.66666666666663,399.0,389.0,378.33333333333337,378.66666666666663,379.0,376.0
2016-10-31 12:30:00,198.66666666666666,577,378.33333333333337,34.430964760254184,12.5,0,0,0,378.0,379.0,392.33333333333337,383.75,378.66666666666663,379.0,376.0,382.0
2016-10-31 12:45:00,198.33333333333334,577,378.66666666666663,34.37319468515309,12.75,0,0,0,378.33333333333337,378.0,385.66666666666663,380.25,379.0,376.0,382.0,388.0
2016-10-31 13:00:00,198.0,577,379.0,34.31542461005199,13.0,0,0,0,378.66666666666663,378.33333333333337,379.0,378.5,376.0,382.0,388.0,390.0
2016-10-31 13:15:00,201.0,577,376.0,34.835355285961874,13.25,0,0,0,379.0,378.66666666666663,378.0,378.5,382.0,388.0,390.0,392.0
2016-10-31 13:30:00,195.0,577,382.0,33.795493934142115,13.5,0,0,0,376.0,379.0,378.33333333333337,378.0,388.0,390.0,392.0,400.33333333333337
2016-10-31 13:45:00,189.0,577,388.0,32.755632582322356,13.75,0,0,0,382.0,376.0,378.66666666666663,378.91666666666663,390.0,392.0,400.33333333333337,408.66666666666663
2016-10-31 14:00:00,187.0,577,390.0,32.40901213171577,14.0,0,0,0,388.0,382.0,379.0,381.25,392.0,400.33333333333337,408.66666666666663,417.0
2016-10-31 14:15:00,185.0,577,392.0,32.06239168110919,14.25,0,0,0,390.0,388.0,376.0,384.0,400.33333333333337,408.66666666666663,417.0,436.0
2016-10-31 14:30:00,176.66666666666666,577,400.33333333333337,30.618139803581744,14.5,0,0,0,392.0,390.0,382.0,388.0,408.66666666666663,417.0,436.0,439.66666666666663
2016-10-31 14:45:00,168.33333333333334,577,408.66666666666663,29.173887926054302,14.75,0,0,0,400.33333333333337,392.0,388.0,392.58333333333337,417.0,436.0,439.66666666666663,443.33333333333337
2016-10-31 15:00:00,160.0,577,417.0,27.729636048526864,15.0,0,0,0,408.66666666666663,400.33333333333337,390.0,397.75,436.0,439.66666666666663,443.33333333333337,447.0
2016-10-31 15:15:00,141.0,577,436.0,24.436741767764296,15.25,0,0,0,417.0,408.66666666666663,392.0,404.5,439.66666666666663,443.33333333333337,447.0,456.0
2016-10-31 15:30:00,137.33333333333334,577,439.66666666666663,23.801270941652223,15.5,0,0,0,436.0,417.0,400.33333333333337,415.5,443.33333333333337,447.0,456.0,457.1269841269841
2016-10-31 15:45:00,133.66666666666666,577,443.33333333333337,23.165800115540147,15.75,0,0,0,439.66666666666663,436.0,408.66666666666663,425.33333333333326,447.0,456.0,457.1269841269841,458.25396825396825
2016-11-01 09:00:00,69.0,577,508.0,11.95840554592721,9.0,1,0,1,513.0,518.0,527.0,520.25,486.0,471.3333333333333,456.6666666666667,442.0
2016-11-01 09:15:00,91.0,577,486.0,15.771230502599654,9.25,1,0,1,508.0,513.0,523.0,515.5,471.3333333333333,456.6666666666667,442.0,414.0
2016-11-01 09:30:00,105.66666666666667,577,471.3333333333333,18.31311380704795,9.5,1,0,1,486.0,508.0,518.0,506.25,456.6666666666667,442.0,414.0,406.66666666666663
2016-11-01 09:45:00,120.33333333333333,577,456.6666666666667,20.854997111496242,9.75,1,0,1,471.3333333333333,486.0,513.0,494.5833333333333,442.0,414.0,406.66666666666663,399.33333333333337
2016-11-01 10:00:00,135.0,577,442.0,23.39688041594454,10.0,1,0,1,456.6666666666667,471.3333333333333,508.0,480.5,414.0,406.66666666666663,399.33333333333337,392.0
2016-11-01 10:15:00,163.0,577,414.0,28.249566724436743,10.25,1,0,0,442.0,456.6666666666667,486.0,464.0,406.66666666666663,399.33333333333337,392.0,370.0
2016-11-01 10:30:00,170.33333333333334,577,406.66666666666663,29.520508376660892,10.5,1,0,0,414.0,442.0,471.3333333333333,446.0,399.33333333333337,392.0,370.0,359.33333333333337
2016-11-01 10:45:00,177.66666666666666,577,399.33333333333337,30.791450028885038,10.75,1,0,0,406.66666666666663,414.0,456.6666666666667,429.83333333333337,392.0,370.0,359.33333333333337,348.66666666666663
2016-11-01 11:00:00,185.0,577,392.0,32.06239168110919,11.0,1,0,0,399.33333333333337,406.66666666666663,442.0,415.5,370.0,359.33333333333337,348.66666666666663,338.0
2016-11-01 11:15:00,207.0,577,370.0,35.875216637781634,11.25,1,0,0,392.0,399.33333333333337,414.0,403.0,359.33333333333337,348.66666666666663,338.0,333.0
2016-11-01 11:30:00,217.66666666666666,577,359.33333333333337,37.72385904101675,11.5,1,0,0,370.0,392.0,406.66666666666663,392.0,348.66666666666663,338.0,333.0,333.33333333333337
2016-11-01 11:45:00,228.33333333333334,577,348.66666666666663,39.57250144425188,11.75,1,0,0,359.33333333333337,370.0,399.33333333333337,380.16666666666674,338.0,333.0,333.33333333333337,333.66666666666663
2016-11-01 12:00:00,239.0,577,338.0,41.421143847487,12.0,1,0,0,348.66666666666663,359.33333333333337,392.0,367.5,333.0,333.33333333333337,333.66666666666663,334.0
2016-11-01 12:15:00,244.0,577,333.0,42.287694974003465,12.25,1,0,0,338.0,348.66666666666663,370.0,354.0,333.33333333333337,333.66666666666663,334.0,336.0
2016-11-01 12:30:00,243.66666666666666,577,333.33333333333337,42.22992489890237,12.5,1,0,0,333.0,338.0,359.33333333333337,344.75,333.66666666666663,334.0,336.0,340.0
2016-11-01 12:45:00,243.33333333333334,577,333.66666666666663,42.17215482380127,12.75,1,0,0,333.33333333333337,333.0,348.66666666666663,338.25,334.0,336.0,340.0,344.0
2016-11-01 13:00:00,243.0,577,334.0,42.114384748700175,13.0,1,0,0,333.66666666666663,333.33333333333337,338.0,334.5,336.0,340.0,344.0,348.0
2016-11-01 13:15:00,241.0,577,336.0,41.76776429809358,13.25,1,0,0,334.0,333.66666666666663,333.0,333.5,340.0,344.0,348.0,378.0
2016-11-01 13:30:00,237.0,577,340.0,41.074523396880416,13.5,1,0,0,336.0,334.0,333.33333333333337,334.25,344.0,348.0,378.0,384.33333333333337
2016-11-01 13:45:00,233.0,577,344.0,40.38128249566724,13.75,1,0,0,340.0,336.0,333.66666666666663,335.91666666666663,348.0,378.0,384.33333333333337,390.66666666666663
2016-11-01 14:00:00,229.0,577,348.0,39.68804159445407,14.0,1,0,0,344.0,340.0,334.0,338.5,378.0,384.33333333333337,390.66666666666663,397.0
2016-11-01 14:15:00,199.0,577,378.0,34.48873483535528,14.25,1,0,0,348.0,344.0,336.0,342.0,384.33333333333337,390.66666666666663,397.0,410.0
2016-11-01 14:30:00,192.66666666666666,577,384.33333333333337,33.39110340843443,14.5,1,0,0,378.0,348.0,340.0,352.5,390.66666666666663,397.0,410.0,414.66666666666663
2016-11-01 14:45:00,186.33333333333334,577,390.66666666666663,32.29347198151358,14.75,1,0,0,384.33333333333337,378.0,344.0,363.58333333333337,397.0,410.0,414.66666666666663,419.33333333333337
2016-11-01 15:00:00,180.0,577,397.0,31.195840554592717,15.0,1,0,0,390.66666666666663,384.33333333333337,348.0,375.25,410.0,414.66666666666663,419.33333333333337,424.0
2016-11-01 15:15:00,167.0,577,410.0,28.942807625649912,15.25,1,0,0,397.0,390.66666666666663,378.0,387.5,414.66666666666663,419.33333333333337,424.0,434.0
2016-11-01 15:30:00,162.33333333333334,577,414.66666666666663,28.13402657423455,15.5,1,0,0,410.0,397.0,384.33333333333337,395.5,419.33333333333337,424.0,434.0,444.0
2016-11-01 15:45:00,157.66666666666666,577,419.33333333333337,27.32524552281918,15.75,1,0,0,414.66666666666663,410.0,390.66666666666663,403.08333333333326,424.0,434.0,444.0,445.3606557377049
2016-11-01 16:00:00,153.0,577,424.0,26.51646447140381,16.0,1,0,0,419.33333333333337,414.66666666666663,397.0,410.25,434.0,444.0,445.3606557377049,446.72131147540983
2016-11-02 08:45:00,57.0,577,520.0,9.878682842287695,8.75,2,0,1,525.0,525.6666666666666,527.0,526.0,512.0,504.0,496.0,480.0
2016-11-02 09:00:00,65.0,577,512.0,11.265164644714037,9.0,2,0,1,520.0,525.0,526.3333333333334,524.25,504.0,496.0,480.0,466.0
2016-11-02 09:15:00,73.0,577,504.0,12.65164644714038,9.25,2,0,1,512.0,520.0,525.6666666666666,520.6666666666666,496.0,480.0,466.0,452.0
2016-11-02 09:30:00,81.0,577,496.0,14.038128249566725,9.5,2,0,1,504.0,512.0,525.0,515.25,480.0,466.0,452.0,442.5
2016-11-02 09:45:00,97.0,577,480.0,16.81109185441941,9.75,2,0,1,496.0,504.0,520.0,508.0,466.0,452.0,442.5,433.0
2016-11-02 10:00:00,111.0,577,466.0,19.23743500866551,10.0,2,0,1,480.0,496.0,512.0,498.0,452.0,442.5,433.0,425.33333333333337
2016-11-02 10:15:00,125.0,577,452.0,21.663778162911612,10.25,2,0,0,466.0,480.0,504.0,486.5,442.5,433.0,425.33333333333337,417.66666666666663
2016-11-02 10:30:00,134.5,577,442.5,23.310225303292896,10.5,2,0,0,452.0,466.0,496.0,473.5,433.0,425.33333333333337,417.66666666666663,410.0
2016-11-02 10:45:00,144.0,577,433.0,24.956672443674176,10.75,2,0,0,442.5,452.0,480.0,460.125,425.33333333333337,417.66666666666663,410.0,408.0
2016-11-02 11:00:00,151.66666666666666,577,425.33333333333337,26.28538417099942,11.0,2,0,0,433.0,442.5,466.0,448.375,417.66666666666663,410.0,408.0,403.0
2016-11-02 11:15:00,159.33333333333334,577,417.66666666666663,27.61409589832467,11.25,2,0,0,425.33333333333337,433.0,452.0,438.20833333333337,410.0,408.0,403.0,398.0
2016-11-02 11:30:00,167.0,577,410.0,28.942807625649912,11.5,2,0,0,417.66666666666663,425.33333333333337,442.5,429.625,408.0,403.0,398.0,393.0
2016-11-02 11:45:00,169.0,577,408.0,29.289428076256502,11.75,2,0,0,410.0,417.66666666666663,433.0,421.5,403.0,398.0,393.0,389.0
2016-11-02 12:00:00,174.0,577,403.0,30.155979202772965,12.0,2,0,0,408.0,410.0,425.33333333333337,415.25,398.0,393.0,389.0,385.0
2016-11-02 12:15:00,179.0,577,398.0,31.022530329289427,12.25,2,0,0,403.0,408.0,417.66666666666663,409.66666666666663,393.0,389.0,385.0,387.0
2016-11-02 12:30:00,184.0,577,393.0,31.88908145580589,12.5,2,0,0,398.0,403.0,410.0,404.75,389.0,385.0,387.0,389.0
2016-11-02 12:45:00,188.0,577,389.0,32.582322357019066,12.75,2,0,0,393.0,398.0,408.0,400.5,385.0,387.0,389.0,389.0
2016-11-02 13:00:00,192.0,577,385.0,33.27556325823224,13.0,2,0,0,389.0,393.0,403.0,395.75,387.0,389.0,389.0,389.0
2016-11-02 13:15:00,190.0,577,387.0,32.92894280762565,13.25,2,0,0,385.0,389.0,398.0,391.25,389.0,389.0,389.0,397.5
2016-11-02 13:30:00,188.0,577,389.0,32.582322357019066,13.5,2,0,0,387.0,385.0,393.0,388.5,389.0,389.0,397.5,406.0
2016-11-02 13:45:00,188.0,577,389.0,32.582322357019066,13.75,2,0,0,389.0,387.0,389.0,387.5,389.0,397.5,406.0,424.0
2016-11-02 14:00:00,188.0,577,389.0,32.582322357019066,14.0,2,0,0,389.0,389.0,385.0,387.5,397.5,406.0,424.0,435.5
2016-11-02 14:15:00,179.5,577,397.5,31.109185441941072,14.25,2,0,0,389.0,389.0,387.0,388.5,406.0,424.0,435.5,447.0
2016-11-02 14:30:00,171.0,577,406.0,29.636048526863085,14.5,2,0,0,397.5,389.0,389.0,391.125,424.0,435.5,447.0,448.66666666666663
2016-11-02 14:45:00,153.0,577,424.0,26.51646447140381,14.75,2,0,0,406.0,397.5,389.0,395.375,435.5,447.0,448.66666666666663,450.3333333333333
2016-11-02 15:00:00,141.5,577,435.5,24.523396880415945,15.0,2,0,0,424.0,406.0,389.0,404.125,447.0,448.66666666666663,450.3333333333333,452.0
2016-11-02 15:15:00,130.0,577,447.0,22.530329289428074,15.25,2,0,0,435.5,424.0,397.5,415.75,448.66666666666663,450.3333333333333,452.0,457.0
2016-11-02 15:30:00,128.33333333333334,577,448.66666666666663,22.24147891392259,15.5,2,0,0,447.0,435.5,406.0,428.125,450.3333333333333,452.0,457.0,462.0
2016-11-02 15:45:00,126.66666666666667,577,450.3333333333333,21.952628538417102,15.75,2,0,0,448.66666666666663,447.0,424.0,438.79166666666663,452.0,457.0,462.0,463.0322580645161
2016-11-02 16:00:00,125.0,577,452.0,21.663778162911612,16.0,2,0,0,450.3333333333333,448.66666666666663,435.5,445.375,457.0,462.0,463.0322580645161,464.06451612903226
2016-11-03 09:00:00,60.0,577,517.0,10.398613518197573,9.0,3,0,1,518.3333333333334,519.6666666666666,526.0,521.25,497.0,484.0,471.0,458.0
2016-11-03 09:15:00,80.0,577,497.0,13.864818024263432,9.25,3,0,1,517.0,518.3333333333334,521.0,519.0,484.0,471.0,458.0,439.0
2016-11-03 09:30:00,93.0,577,484.0,16.11785095320624,9.5,3,0,1,497.0,517.0,519.6666666666666,513.0,471.0,458.0,439.0,423.33333333333337
2016-11-03 09:45:00,106.0,577,471.0,18.370883882149048,9.75,3,0,1,484.0,497.0,518.3333333333334,504.08333333333337,458.0,439.0,423.33333333333337,407.66666666666663
2016-11-03 10:00:00,119.0,577,458.0,20.623916811091856,10.0,3,0,1,471.0,484.0,517.0,492.25,439.0,423.33333333333337,407.66666666666663,392.0
2016-11-03 10:15:00,138.0,577,439.0,23.91681109185442,10.25,3,0,0,458.0,471.0,497.0,477.5,423.33333333333337,407.66666666666663,392.0,382.0
2016-11-03 10:30:00,153.66666666666666,577,423.33333333333337,26.632004621606008,10.5,3,0,0,439.0,458.0,484.0,463.0,407.66666666666663,392.0,382.0,382.0
2016-11-03 10:45:00,169.33333333333334,577,407.66666666666663,29.347198151357603,10.75,3,0,0,423.33333333333337,439.0,471.0,447.83333333333337,392.0,382.0,382.0,382.0
2016-11-03 11:00:00,185.0,577,392.0,32.06239168110919,11.0,3,0,0,407.66666666666663,423.33333333333337,458.0,432.0,382.0,382.0,382.0,382.0
2016-11-03 11:15:00,195.0,577,382.0,33.795493934142115,11.25,3,0,0,392.0,407.66666666666663,439.0,415.5,382.0,382.0,382.0,386.0
2016-11-03 11:30:00,195.0,577,382.0,33.795493934142115,11.5,3,0,0,382.0,392.0,423.33333333333337,401.25,382.0,382.0,386.0,383.5
2016-11-03 11:45:00,195.0,577,382.0,33.795493934142115,11.75,3,0,0,382.0,382.0,407.66666666666663,390.91666666666663,382.0,386.0,383.5,381.0
2016-11-03 12:00:00,195.0,577,382.0,33.795493934142115,12.0,3,0,0,382.0,382.0,392.0,384.5,386.0,383.5,381.0,383.5
2016-11-03 12:15:00,191.0,577,386.0,33.10225303292894,12.25,3,0,0,382.0,382.0,382.0,382.0,383.5,381.0,383.5,386.0
2016-11-03 12:30:00,193.5,577,383.5,33.53552859618718,12.5,3,0,0,386.0,382.0,382.0,383.0,381.0,383.5,386.0,388.0
2016-11-03 12:45:00,196.0,577,381.0,33.96880415944541,12.75,3,0,0,383.5,386.0,382.0,383.375,383.5,386.0,388.0,390.0
2016-11-03 13:00:00,193.5,577,383.5,33.53552859618718,13.0,3,0,0,381.0,383.5,382.0,383.125,386.0,388.0,390.0,395.0
2016-11-03 13:15:00,191.0,577,386.0,33.10225303292894,13.25,3,0,0,383.5,381.0,386.0,383.5,388.0,390.0,395.0,400.0
2016-11-03 13:30:00,189.0,577,388.0,32.755632582322356,13.5,3,0,0,386.0,383.5,383.5,383.5,390.0,395.0,400.0,407.66666666666663
2016-11-03 13:45:00,187.0,577,390.0,32.40901213171577,13.75,3,0,0,388.0,386.0,381.0,384.625,395.0,400.0,407.66666666666663,415.33333333333337
2016-11-03 14:00:00,182.0,577,395.0,31.542461005199307,14.0,3,0,0,390.0,388.0,383.5,386.875,400.0,407.66666666666663,415.33333333333337,423.0
2016-11-03 14:15:00,177.0,577,400.0,30.675909878682845,14.25,3,0,0,395.0,390.0,386.0,389.75,407.66666666666663,415.33333333333337,423.0,435.0
2016-11-03 14:30:00,169.33333333333334,577,407.66666666666663,29.347198151357603,14.5,3,0,0,400.0,395.0,388.0,393.25,415.33333333333337,423.0,435.0,442.33333333333337
2016-11-03 14:45:00,161.66666666666666,577,415.33333333333337,28.018486424032353,14.75,3,0,0,407.66666666666663,400.0,390.0,398.16666666666663,423.0,435.0,442.33333333333337,449.6666666666667
2016-11-03 15:00:00,154.0,577,423.0,26.689774696707108,15.0,3,0,0,415.33333333333337,407.66666666666663,395.0,404.5,435.0,442.33333333333337,449.6666666666667,457.0
2016-11-03 15:15:00,142.0,577,435.0,24.610051993067593,15.25,3,0,0,423.0,415.33333333333337,400.0,411.5,442.33333333333337,449.6666666666667,457.0,463.0
2016-11-03 15:30:00,134.66666666666666,577,442.33333333333337,23.33911034084344,15.5,3,0,0,435.0,423.0,407.66666666666663,420.25,449.6666666666667,457.0,463.0,469.0
2016-11-03 15:45:00,127.33333333333333,577,449.6666666666667,22.068168688619295,15.75,3,0,0,442.33333333333337,435.0,415.33333333333337,428.91666666666674,457.0,463.0,469.0,469.9677419354839
2016-11-03 16:00:00,120.0,577,457.0,20.797227036395146,16.0,3,0,0,449.6666666666667,442.33333333333337,423.0,437.5,463.0,469.0,469.9677419354839,470.93548387096774
2016-11-04 09:00:00,79.66666666666667,577,497.3333333333333,13.807047949162335,9.0,4,0,1,506.0,513.5,529.0,517.375,488.6666666666667,480.0,471.0,462.0
2016-11-04 09:15:00,88.33333333333333,577,488.6666666666667,15.309069901790872,9.25,4,0,1,497.3333333333333,506.0,521.0,509.4583333333333,480.0,471.0,462.0,442.0
2016-11-04 09:30:00,97.0,577,480.0,16.81109185441941,9.5,4,0,1,488.6666666666667,497.3333333333333,513.5,501.375,471.0,462.0,442.0,435.66666666666663
2016-11-04 09:45:00,106.0,577,471.0,18.370883882149048,9.75,4,0,1,480.0,488.6666666666667,506.0,493.0,462.0,442.0,435.66666666666663,429.33333333333337
2016-11-04 10:00:00,115.0,577,462.0,19.930675909878683,10.0,4,0,1,471.0,480.0,497.3333333333333,484.25,442.0,435.66666666666663,429.33333333333337,423.0
2016-11-04 10:15:00,135.0,577,442.0,23.39688041594454,10.25,4,0,0,462.0,471.0,488.6666666666667,475.4166666666667,435.66666666666663,429.33333333333337,423.0,410.5
2016-11-04 10:30:00,141.33333333333334,577,435.66666666666663,24.494511842865396,10.5,4,0,0,442.0,462.0,480.0,463.75,429.33333333333337,423.0,410.5,398.0
2016-11-04 10:45:00,147.66666666666666,577,429.33333333333337,25.59214326978625,10.75,4,0,0,435.66666666666663,442.0,471.0,452.66666666666663,423.0,410.5,398.0,396.0
2016-11-04 11:00:00,154.0,577,423.0,26.689774696707108,11.0,4,0,0,429.33333333333337,435.66666666666663,462.0,442.25,410.5,398.0,396.0,394.0
2016-11-04 11:15:00,166.5,577,410.5,28.856152512998268,11.25,4,0,0,423.0,429.33333333333337,442.0,432.5,398.0,396.0,394.0,394.5
2016-11-04 11:30:00,179.0,577,398.0,31.022530329289427,11.5,4,0,0,410.5,423.0,435.66666666666663,424.625,396.0,394.0,394.5,395.0
2016-11-04 11:45:00,181.0,577,396.0,31.369150779896017,11.75,4,0,0,398.0,410.5,429.33333333333337,415.20833333333337,394.0,394.5,395.0,400.5
2016-11-04 12:00:00,183.0,577,394.0,31.715771230502597,12.0,4,0,0,396.0,398.0,423.0,406.875,394.5,395.0,400.5,406.0
2016-11-04 12:15:00,182.5,577,394.5,31.629116117850952,12.25,4,0,0,394.0,396.0,410.5,399.625,395.0,400.5,406.0,404.0
2016-11-04 12:30:00,182.0,577,395.0,31.542461005199307,12.5,4,0,0,394.5,394.0,398.0,395.625,400.5,406.0,404.0,401.0
2016-11-04 12:45:00,176.5,577,400.5,30.589254766031193,12.75,4,0,0,395.0,394.5,396.0,394.875,406.0,404.0,401.0,398.0
2016-11-04 13:00:00,171.0,577,406.0,29.636048526863085,13.0,4,0,0,400.5,395.0,394.0,396.0,404.0,401.0,398.0,404.0
2016-11-04 13:15:00,173.0,577,404.0,29.98266897746967,13.25,4,0,0,406.0,400.5,394.5,399.0,401.0,398.0,404.0,410.0
2016-11-04 13:30:00,176.0,577,401.0,30.502599653379548,13.5,4,0,0,404.0,406.0,395.0,401.375,398.0,404.0,410.0,413.66666666666663
2016-11-04 13:45:00,179.0,577,398.0,31.022530329289427,13.75,4,0,0,401.0,404.0,400.5,402.875,404.0,410.0,413.66666666666663,417.33333333333337
2016-11-04 14:00:00,173.0,577,404.0,29.98266897746967,14.0,4,0,0,398.0,401.0,406.0,402.25,410.0,413.66666666666663,417.33333333333337,421.0
2016-11-04 14:15:00,167.0,577,410.0,28.942807625649912,14.25,4,0,0,404.0,398.0,404.0,401.75,413.66666666666663,417.33333333333337,421.0,432.0
2016-11-04 14:30:00,163.33333333333334,577,413.66666666666663,28.30733679953784,14.5,4,0,0,410.0,404.0,401.0,403.25,417.33333333333337,421.0,432.0,435.0
2016-11-04 14:45:00,159.66666666666666,577,417.33333333333337,27.671865973425763,14.75,4,0,0,413.66666666666663,410.0,398.0,406.41666666666663,421.0,432.0,435.0,438.0
2016-11-04 15:00:00,156.0,577,421.0,27.03639514731369,15.0,4,0,0,417.33333333333337,413.66666666666663,404.0,411.25,432.0,435.0,438.0,441.0
2016-11-04 15:15:00,145.0,577,432.0,25.12998266897747,15.25,4,0,0,421.0,417.33333333333337,410.0,415.5,435.0,438.0,441.0,458.0
2016-11-04 15:30:00,142.0,577,435.0,24.610051993067593,15.5,4,0,0,432.0,421.0,413.66666666666663,421.0,438.0,441.0,458.0,459.2063492063492
2016-11-04 15:45:00,139.0,577,438.0,24.090121317157713,15.75,4,0,0,435.0,432.0,417.33333333333337,426.33333333333337,441.0,458.0,459.2063492063492,460.41269841269843
2016-11-05 09:00:00,74.5,577,502.5,12.91161178509532,9.0,5,1,1,518.0,523.5,534.0,526.125,487.0,464.5,442.0,426.66666666666663
2016-11-05 09:15:00,90.0,577,487.0,15.597920277296359,9.25,5,1,1,502.5,518.0,529.0,518.25,464.5,442.0,426.66666666666663,411.33333333333337
2016-11-05 09:30:00,112.5,577,464.5,19.49740034662045,9.5,5,1,1,487.0,502.5,523.5,507.75,442.0,426.66666666666663,411.33333333333337,396.0
2016-11-05 09:45:00,135.0,577,442.0,23.39688041594454,9.75,5,1,1,464.5,487.0,518.0,493.0,426.66666666666663,411.33333333333337,396.0,353.0
2016-11-05 10:00:00,150.33333333333334,577,426.66666666666663,26.054303870595035,10.0,5,1,1,442.0,464.5,502.5,474.0,411.33333333333337,396.0,353.0,343.5
2016-11-05 10:15:00,165.66666666666666,577,411.33333333333337,28.711727325245523,10.25,5,1,0,426.66666666666663,442.0,487.0,455.04166666666663,396.0,353.0,343.5,334.0
2016-11-05 10:30:00,181.0,577,396.0,31.369150779896017,10.5,5,1,0,411.33333333333337,426.66666666666663,464.5,436.125,353.0,343.5,334.0,322.33333333333337
2016-11-05 10:45:00,224.0,577,353.0,38.82149046793761,10.75,5,1,0,396.0,411.33333333333337,442.0,419.0,343.5,334.0,322.33333333333337,310.6666666666667
2016-11-05 11:00:00,233.5,577,343.5,40.46793760831889,11.0,5,1,0,353.0,396.0,426.66666666666663,396.75,334.0,322.33333333333337,310.6666666666667,299.0
2016-11-05 11:15:00,243.0,577,334.0,42.114384748700175,11.25,5,1,0,343.5,353.0,411.33333333333337,375.95833333333337,322.33333333333337,310.6666666666667,299.0,289.0
2016-11-05 11:30:00,254.66666666666666,577,322.33333333333337,44.13633737723859,11.5,5,1,0,334.0,343.5,396.0,356.625,310.6666666666667,299.0,289.0,274.6666666666667
2016-11-05 11:45:00,266.3333333333333,577,310.6666666666667,46.158290005777005,11.75,5,1,0,322.33333333333337,334.0,353.0,338.20833333333337,299.0,289.0,274.6666666666667,260.3333333333333
2016-11-05 12:00:00,278.0,577,299.0,48.18024263431543,12.0,5,1,0,310.6666666666667,322.33333333333337,343.5,327.625,289.0,274.6666666666667,260.3333333333333,246.0
2016-11-05 12:15:00,288.0,577,289.0,49.91334488734835,12.25,5,1,0,299.0,310.6666666666667,334.0,316.5,274.6666666666667,260.3333333333333,246.0,236.0
2016-11-05 12:30:00,302.3333333333333,577,274.6666666666667,52.39745811669555,12.5,5,1,0,289.0,299.0,322.33333333333337,305.25,260.3333333333333,246.0,236.0,226.0
2016-11-05 12:45:00,316.6666666666667,577,260.3333333333333,54.881571346042755,12.75,5,1,0,274.6666666666667,289.0,310.6666666666667,293.33333333333337,246.0,236.0,226.0,216.0
2016-11-05 13:00:00,331.0,577,246.0,57.36568457538995,13.0,5,1,0,260.3333333333333,274.6666666666667,299.0,280.75,236.0,226.0,216.0,223.5
2016-11-05 13:15:00,341.0,577,236.0,59.09878682842288,13.25,5,1,0,246.0,260.3333333333333,289.0,267.5,226.0,216.0,223.5,231.0
2016-11-05 13:30:00,351.0,577,226.0,60.831889081455806,13.5,5,1,0,236.0,246.0,274.6666666666667,254.25,216.0,223.5,231.0,223.33333333333331
2016-11-05 13:45:00,361.0,577,216.0,62.56499133448874,13.75,5,1,0,226.0,236.0,260.3333333333333,242.08333333333331,223.5,231.0,223.33333333333331,215.66666666666669
2016-11-05 14:00:00,353.5,577,223.5,61.26516464471404,14.0,5,1,0,216.0,226.0,246.0,231.0,231.0,223.33333333333331,215.66666666666669,208.0
2016-11-05 14:15:00,346.0,577,231.0,59.96533795493934,14.25,5,1,0,223.5,216.0,236.0,225.375,223.33333333333331,215.66666666666669,208.0,187.0
2016-11-05 14:30:00,353.6666666666667,577,223.33333333333331,61.29404968226459,14.5,5,1,0,231.0,223.5,226.0,224.125,215.66666666666669,208.0,187.0,194.33333333333331
2016-11-05 14:45:00,361.3333333333333,577,215.66666666666669,62.622761409589835,14.75,5,1,0,223.33333333333331,231.0,216.0,223.45833333333334,208.0,187.0,194.33333333333331,201.66666666666669
2016-11-05 15:00:00,369.0,577,208.0,63.951473136915084,15.0,5,1,0,215.66666666666669,223.33333333333331,223.5,223.375,187.0,194.33333333333331,201.66666666666669,209.0
2016-11-05 15:15:00,390.0,577,187.0,67.59098786828423,15.25,5,1,0,208.0,215.66666666666669,231.0,219.5,194.33333333333331,201.66666666666669,209.0,237.0
2016-11-05 15:30:00,382.6666666666667,577,194.33333333333331,66.32004621606008,15.5,5,1,0,187.0,208.0,223.33333333333331,208.5,201.66666666666669,209.0,237.0,241.84126984126982
2016-11-05 15:45:00,375.3333333333333,577,201.66666666666669,65.04910456383593,15.75,5,1,0,194.33333333333331,187.0,215.66666666666669,201.25,209.0,237.0,241.84126984126982,246.6825396825397
2016-11-06 09:00:00,36.0,577,541.0,6.239168110918544,9.0,6,1,1,541.3333333333334,541.6666666666666,542.0,541.75,539.5,538.0,534.5,531.0
2016-11-06 09:15:00,37.5,577,539.5,6.499133448873485,9.25,6,1,1,541.0,541.3333333333334,542.0,541.5,538.0,534.5,531.0,524.0
2016-11-06 09:30:00,39.0,577,538.0,6.759098786828423,9.5,6,1,1,539.5,541.0,541.6666666666666,540.875,534.5,531.0,524.0,512.0
2016-11-06 09:45:00,42.5,577,534.5,7.365684575389948,9.75,6,1,1,538.0,539.5,541.3333333333334,539.9583333333334,531.0,524.0,512.0,500.0
2016-11-06 10:00:00,46.0,577,531.0,7.9722703639514725,10.0,6,1,1,534.5,538.0,541.0,538.25,524.0,512.0,500.0,490.5
2016-11-06 10:15:00,53.0,577,524.0,9.185441941074524,10.25,6,1,0,531.0,534.5,539.5,535.75,512.0,500.0,490.5,481.0
2016-11-06 10:30:00,65.0,577,512.0,11.265164644714037,10.5,6,1,0,524.0,531.0,538.0,531.875,500.0,490.5,481.0,467.0
2016-11-06 10:45:00,77.0,577,500.0,13.344887348353554,10.75,6,1,0,512.0,524.0,534.5,525.375,490.5,481.0,467.0,453.0
2016-11-06 11:00:00,86.5,577,490.5,14.991334488734836,11.0,6,1,0,500.0,512.0,531.0,516.75,481.0,467.0,453.0,438.5
2016-11-06 11:15:00,96.0,577,481.0,16.63778162911612,11.25,6,1,0,490.5,500.0,524.0,506.625,467.0,453.0,438.5,424.0
2016-11-06 11:30:00,110.0,577,467.0,19.064124783362217,11.5,6,1,0,481.0,490.5,512.0,495.875,453.0,438.5,424.0,415.66666666666663
2016-11-06 11:45:00,124.0,577,453.0,21.49046793760832,11.75,6,1,0,467.0,481.0,500.0,484.625,438.5,424.0,415.66666666666663,407.33333333333337
2016-11-06 12:00:00,138.5,577,438.5,24.003466204506065,12.0,6,1,0,453.0,467.0,490.5,472.875,424.0,415.66666666666663,407.33333333333337,399.0
2016-11-06 12:15:00,153.0,577,424.0,26.51646447140381,12.25,6,1,0,438.5,453.0,481.0,459.875,415.66666666666663,407.33333333333337,399.0,389.0
2016-11-06 12:30:00,161.33333333333334,577,415.66666666666663,27.960716348931253,12.5,6,1,0,424.0,438.5,467.0,445.625,407.33333333333337,399.0,389.0,375.0
2016-11-06 12:45:00,169.66666666666666,577,407.33333333333337,29.404968226458696,12.75,6,1,0,415.66666666666663,424.0,453.0,432.79166666666663,399.0,389.0,375.0,361.0
2016-11-06 13:00:00,178.0,577,399.0,30.849220103986134,13.0,6,1,0,407.33333333333337,415.66666666666663,438.5,421.375,389.0,375.0,361.0,358.0
2016-11-06 13:15:00,188.0,577,389.0,32.582322357019066,13.25,6,1,0,399.0,407.33333333333337,424.0,411.5,375.0,361.0,358.0,355.0
2016-11-06 13:30:00,202.0,577,375.0,35.008665511265164,13.5,6,1,0,389.0,399.0,415.66666666666663,402.75,361.0,358.0,355.0,352.0
2016-11-06 13:45:00,216.0,577,361.0,37.43500866551127,13.75,6,1,0,375.0,389.0,407.33333333333337,392.58333333333337,358.0,355.0,352.0,359.0
2016-11-06 14:00:00,219.0,577,358.0,37.954939341421145,14.0,6,1,0,361.0,375.0,399.0,381.0,355.0,352.0,359.0,366.0
2016-11-06 14:15:00,222.0,577,355.0,38.47487001733102,14.25,6,1,0,358.0,361.0,389.0,370.75,352.0,359.0,366.0,389.0
2016-11-06 14:30:00,225.0,577,352.0,38.9948006932409,14.5,6,1,0,355.0,358.0,375.0,362.25,359.0,366.0,389.0,401.5
2016-11-06 14:45:00,218.0,577,359.0,37.78162911611785,14.75,6,1,0,352.0,355.0,361.0,356.5,366.0,389.0,401.5,414.0
2016-11-06 15:00:00,211.0,577,366.0,36.56845753899481,15.0,6,1,0,359.0,352.0,358.0,356.0,389.0,401.5,414.0,430.5
2016-11-06 15:15:00,188.0,577,389.0,32.582322357019066,15.25,6,1,0,366.0,359.0,355.0,358.0,401.5,414.0,430.5,447.0
2016-11-06 15:30:00,175.5,577,401.5,30.415944540727903,15.5,6,1,0,389.0,366.0,352.0,366.5,414.0,430.5,447.0,448.58730158730157
2016-11-06 15:45:00,163.0,577,414.0,28.249566724436743,15.75,6,1,0,401.5,389.0,359.0,378.875,430.5,447.0,448.58730158730157,450.1746031746032
2016-11-07 09:00:00,55.0,577,522.0,9.532062391681109,9.0,0,0,1,528.0,533.5,547.0,536.875,516.0,503.0,490.0,478.5
2016-11-07 09:15:00,61.0,577,516.0,10.571923743500866,9.25,0,0,1,522.0,528.0,539.0,530.625,503.0,490.0,478.5,467.0
2016-11-07 09:30:00,74.0,577,503.0,12.824956672443674,9.5,0,0,1,516.0,522.0,533.5,524.875,490.0,478.5,467.0,451.0
2016-11-07 09:45:00,87.0,577,490.0,15.077989601386482,9.75,0,0,1,503.0,516.0,528.0,517.25,478.5,467.0,451.0,435.0
2016-11-07 10:00:00,98.5,577,478.5,17.07105719237435,10.0,0,0,1,490.0,503.0,522.0,507.75,467.0,451.0,435.0,427.5
2016-11-07 10:15:00,110.0,577,467.0,19.064124783362217,10.25,0,0,0,478.5,490.0,516.0,496.875,451.0,435.0,427.5,420.0
2016-11-07 10:30:00,126.0,577,451.0,21.837088388214905,10.5,0,0,0,467.0,478.5,503.0,484.625,435.0,427.5,420.0,420.0
2016-11-07 10:45:00,142.0,577,435.0,24.610051993067593,10.75,0,0,0,451.0,467.0,490.0,471.625,427.5,420.0,420.0,420.0
2016-11-07 11:00:00,149.5,577,427.5,25.909878682842287,11.0,0,0,0,435.0,451.0,478.5,457.875,420.0,420.0,420.0,418.5
2016-11-07 11:15:00,157.0,577,420.0,27.209705372616984,11.25,0,0,0,427.5,435.0,467.0,445.125,420.0,420.0,418.5,417.0
2016-11-07 11:30:00,157.0,577,420.0,27.209705372616984,11.5,0,0,0,420.0,427.5,451.0,433.375,420.0,418.5,417.0,420.0
2016-11-07 11:45:00,157.0,577,420.0,27.209705372616984,11.75,0,0,0,420.0,420.0,435.0,425.625,418.5,417.0,420.0,423.0
2016-11-07 12:00:00,158.5,577,418.5,27.469670710571926,12.0,0,0,0,420.0,420.0,427.5,421.875,417.0,420.0,423.0,420.66666666666663
2016-11-07 12:15:00,160.0,577,417.0,27.729636048526864,12.25,0,0,0,418.5,420.0,420.0,419.625,420.0,423.0,420.66666666666663,418.33333333333337
2016-11-07 12:30:00,157.0,577,420.0,27.209705372616984,12.5,0,0,0,417.0,418.5,420.0,418.875,423.0,420.66666666666663,418.33333333333337,416.0
2016-11-07 12:45:00,154.0,577,423.0,26.689774696707108,12.75,0,0,0,420.0,417.0,420.0,418.875,420.66666666666663,418.33333333333337,416.0,415.0
2016-11-07 13:00:00,156.33333333333334,577,420.66666666666663,27.09416522241479,13.0,0,0,0,423.0,420.0,418.5,419.625,418.33333333333337,416.0,415.0,417.0
2016-11-07 13:15:00,158.66666666666666,577,418.33333333333337,27.49855574812247,13.25,0,0,0,420.66666666666663,423.0,417.0,420.16666666666663,416.0,415.0,417.0,419.0
2016-11-07 13:30:00,161.0,577,416.0,27.902946273830153,13.5,0,0,0,418.33333333333337,420.66666666666663,420.0,420.5,415.0,417.0,419.0,421.0
2016-11-07 13:45:00,162.0,577,415.0,28.07625649913345,13.75,0,0,0,416.0,418.33333333333337,423.0,419.5,417.0,419.0,421.0,425.0
2016-11-07 14:00:00,160.0,577,417.0,27.729636048526864,14.0,0,0,0,415.0,416.0,420.66666666666663,417.5,419.0,421.0,425.0,429.0
2016-11-07 14:15:00,158.0,577,419.0,27.38301559792028,14.25,0,0,0,417.0,415.0,418.33333333333337,416.58333333333337,421.0,425.0,429.0,441.0
2016-11-07 14:30:00,156.0,577,421.0,27.03639514731369,14.5,0,0,0,419.0,417.0,416.0,416.75,425.0,429.0,441.0,453.0
2016-11-07 14:45:00,152.0,577,425.0,26.343154246100518,14.75,0,0,0,421.0,419.0,415.0,418.0,429.0,441.0,453.0,455.5
2016-11-07 15:00:00,148.0,577,429.0,25.64991334488735,15.0,0,0,0,425.0,421.0,417.0,420.5,441.0,453.0,455.5,458.0
2016-11-07 15:15:00,136.0,577,441.0,23.570190641247834,15.25,0,0,0,429.0,425.0,419.0,423.5,453.0,455.5,458.0,458.5
2016-11-07 15:30:00,124.0,577,453.0,21.49046793760832,15.5,0,0,0,441.0,429.0,421.0,429.0,455.5,458.0,458.5,459.0
2016-11-07 15:45:00,121.5,577,455.5,21.057192374350088,15.75,0,0,0,453.0,441.0,425.0,437.0,458.0,458.5,459.0,460.37704918032784
2016-11-07 16:00:00,119.0,577,458.0,20.623916811091856,16.0,0,0,0,455.5,453.0,429.0,444.625,458.5,459.0,460.37704918032784,461.75409836065575
2016-11-08 08:45:00,46.0,577,531.0,7.9722703639514725,8.75,1,0,1,536.0,541.0,543.0,540.5,520.0,509.0,487.0,465.0
2016-11-08 09:00:00,57.0,577,520.0,9.878682842287695,9.0,1,0,1,531.0,536.0,542.0,537.5,509.0,487.0,465.0,452.3333333333333
2016-11-08 09:15:00,68.0,577,509.0,11.785095320623917,9.25,1,0,1,520.0,531.0,541.0,532.0,487.0,465.0,452.3333333333333,439.66666666666663
2016-11-08 09:30:00,90.0,577,487.0,15.597920277296359,9.5,1,0,1,509.0,520.0,536.0,524.0,465.0,452.3333333333333,439.66666666666663,427.0
2016-11-08 09:45:00,112.0,577,465.0,19.410745233968804,9.75,1,0,1,487.0,509.0,531.0,511.75,452.3333333333333,439.66666666666663,427.0,413.0
2016-11-08 10:00:00,124.66666666666667,577,452.3333333333333,21.606008087810515,10.0,1,0,1,465.0,487.0,520.0,495.25,439.66666666666663,427.0,413.0,399.0
2016-11-08 10:15:00,137.33333333333334,577,439.66666666666663,23.801270941652223,10.25,1,0,0,452.3333333333333,465.0,509.0,478.3333333333333,427.0,413.0,399.0,390.0
2016-11-08 10:30:00,150.0,577,427.0,25.99653379549394,10.5,1,0,0,439.66666666666663,452.3333333333333,487.0,461.0,413.0,399.0,390.0,381.0
2016-11-08 10:45:00,164.0,577,413.0,28.422876949740033,10.75,1,0,0,427.0,439.66666666666663,465.0,446.0,399.0,390.0,381.0,341.0
2016-11-08 11:00:00,178.0,577,399.0,30.849220103986134,11.0,1,0,0,413.0,427.0,452.3333333333333,433.0,390.0,381.0,341.0,334.0
2016-11-08 11:15:00,187.0,577,390.0,32.40901213171577,11.25,1,0,0,399.0,413.0,439.66666666666663,419.6666666666667,381.0,341.0,334.0,327.0
2016-11-08 11:30:00,196.0,577,381.0,33.96880415944541,11.5,1,0,0,390.0,399.0,427.0,407.25,341.0,334.0,327.0,326.0
2016-11-08 11:45:00,236.0,577,341.0,40.90121317157712,11.75,1,0,0,381.0,390.0,413.0,395.75,334.0,327.0,326.0,325.0
2016-11-08 12:00:00,243.0,577,334.0,42.114384748700175,12.0,1,0,0,341.0,381.0,399.0,377.75,327.0,326.0,325.0,324.0
2016-11-08 12:15:00,250.0,577,327.0,43.327556325823224,12.25,1,0,0,334.0,341.0,390.0,361.5,326.0,325.0,324.0,332.0
2016-11-08 12:30:00,251.0,577,326.0,43.500866551126514,12.5,1,0,0,327.0,334.0,381.0,345.75,325.0,324.0,332.0,340.0
2016-11-08 12:45:00,252.0,577,325.0,43.67417677642981,12.75,1,0,0,326.0,327.0,341.0,332.0,324.0,332.0,340.0,347.0
2016-11-08 13:00:00,253.0,577,324.0,43.84748700173311,13.0,1,0,0,325.0,326.0,334.0,328.0,332.0,340.0,347.0,354.0
2016-11-08 13:15:00,245.0,577,332.0,42.46100519930676,13.25,1,0,0,324.0,325.0,327.0,325.5,340.0,347.0,354.0,381.0
2016-11-08 13:30:00,237.0,577,340.0,41.074523396880416,13.5,1,0,0,332.0,324.0,326.0,326.75,347.0,354.0,381.0,392.0
2016-11-08 13:45:00,230.0,577,347.0,39.86135181975737,13.75,1,0,0,340.0,332.0,325.0,330.25,354.0,381.0,392.0,403.0
2016-11-08 14:00:00,223.0,577,354.0,38.64818024263432,14.0,1,0,0,347.0,340.0,324.0,335.75,381.0,392.0,403.0,414.0
2016-11-08 14:15:00,196.0,577,381.0,33.96880415944541,14.25,1,0,0,354.0,347.0,332.0,343.25,392.0,403.0,414.0,423.5
2016-11-08 14:30:00,185.0,577,392.0,32.06239168110919,14.5,1,0,0,381.0,354.0,340.0,355.5,403.0,414.0,423.5,433.0
2016-11-08 14:45:00,174.0,577,403.0,30.155979202772965,14.75,1,0,0,392.0,381.0,347.0,368.5,414.0,423.5,433.0,441.5
2016-11-08 15:00:00,163.0,577,414.0,28.249566724436743,15.0,1,0,0,403.0,392.0,354.0,382.5,423.5,433.0,441.5,450.0
2016-11-08 15:15:00,153.5,577,423.5,26.603119584055456,15.25,1,0,0,414.0,403.0,381.0,397.5,433.0,441.5,450.0,460.5
2016-11-08 15:30:00,144.0,577,433.0,24.956672443674176,15.5,1,0,0,423.5,414.0,392.0,408.125,441.5,450.0,460.5,471.0
2016-11-08 15:45:00,135.5,577,441.5,23.483535528596185,15.75,1,0,0,433.0,423.5,403.0,418.375,450.0,460.5,471.0,472.19354838709677
2016-11-08 16:00:00,127.0,577,450.0,22.0103986135182,16.0,1,0,0,441.5,433.0,414.0,428.0,460.5,471.0,472.19354838709677,473.38709677419354
2016-11-09 09:00:00,43.0,577,534.0,7.452339688041594,9.0,2,0,1,536.0,538.0,545.0,539.75,525.0,516.0,502.5,489.0
2016-11-09 09:15:00,52.0,577,525.0,9.01213171577123,9.25,2,0,1,534.0,536.0,540.0,537.0,516.0,502.5,489.0,470.0
2016-11-09 09:30:00,61.0,577,516.0,10.571923743500866,9.5,2,0,1,525.0,534.0,538.0,533.25,502.5,489.0,470.0,462.3333333333333
2016-11-09 09:45:00,74.5,577,502.5,12.91161178509532,9.75,2,0,1,516.0,525.0,536.0,527.75,489.0,470.0,462.3333333333333,454.6666666666667
2016-11-09 10:00:00,88.0,577,489.0,15.251299826689774,10.0,2,0,1,502.5,516.0,534.0,519.375,470.0,462.3333333333333,454.6666666666667,447.0
2016-11-09 10:15:00,107.0,577,470.0,18.544194107452338,10.25,2,0,0,489.0,502.5,525.0,508.125,462.3333333333333,454.6666666666667,447.0,426.0
2016-11-09 10:30:00,114.66666666666667,577,462.3333333333333,19.872905834777583,10.5,2,0,0,470.0,489.0,516.0,494.375,454.6666666666667,447.0,426.0,425.66666666666663
2016-11-09 10:45:00,122.33333333333333,577,454.6666666666667,21.20161756210283,10.75,2,0,0,462.3333333333333,470.0,502.5,480.9583333333333,447.0,426.0,425.66666666666663,425.33333333333337
2016-11-09 11:00:00,130.0,577,447.0,22.530329289428074,11.0,2,0,0,454.6666666666667,462.3333333333333,489.0,469.0,426.0,425.66666666666663,425.33333333333337,425.0
2016-11-09 11:15:00,151.0,577,426.0,26.16984402079723,11.25,2,0,0,447.0,454.6666666666667,470.0,458.5,425.66666666666663,425.33333333333337,425.0,417.0
2016-11-09 11:30:00,151.33333333333334,577,425.66666666666663,26.22761409589833,11.5,2,0,0,426.0,447.0,462.3333333333333,447.5,425.33333333333337,425.0,417.0,413.0
2016-11-09 11:45:00,151.66666666666666,577,425.33333333333337,26.28538417099942,11.75,2,0,0,425.66666666666663,426.0,454.6666666666667,438.33333333333337,425.0,417.0,413.0,409.0
2016-11-09 12:00:00,152.0,577,425.0,26.343154246100518,12.0,2,0,0,425.33333333333337,425.66666666666663,447.0,431.0,417.0,413.0,409.0,405.0
2016-11-09 12:15:00,160.0,577,417.0,27.729636048526864,12.25,2,0,0,425.0,425.33333333333337,426.0,425.5,413.0,409.0,405.0,405.0
2016-11-09 12:30:00,164.0,577,413.0,28.422876949740033,12.5,2,0,0,417.0,425.0,425.66666666666663,423.25,409.0,405.0,405.0,408.0
2016-11-09 12:45:00,168.0,577,409.0,29.116117850953206,12.75,2,0,0,413.0,417.0,425.33333333333337,420.08333333333337,405.0,405.0,408.0,411.0
2016-11-09 13:00:00,172.0,577,405.0,29.809358752166375,13.0,2,0,0,409.0,413.0,425.0,416.0,405.0,408.0,411.0,414.0
2016-11-09 13:15:00,172.0,577,405.0,29.809358752166375,13.25,2,0,0,405.0,409.0,417.0,411.0,408.0,411.0,414.0,425.0
2016-11-09 13:30:00,169.0,577,408.0,29.289428076256502,13.5,2,0,0,405.0,405.0,413.0,408.0,411.0,414.0,425.0,431.0
2016-11-09 13:45:00,166.0,577,411.0,28.769497400346623,13.75,2,0,0,408.0,405.0,409.0,406.75,414.0,425.0,431.0,437.0
2016-11-09 14:00:00,163.0,577,414.0,28.249566724436743,14.0,2,0,0,411.0,408.0,405.0,407.25,425.0,431.0,437.0,443.0
2016-11-09 14:15:00,152.0,577,425.0,26.343154246100518,14.25,2,0,0,414.0,411.0,405.0,409.5,431.0,437.0,443.0,448.0
2016-11-09 14:30:00,146.0,577,431.0,25.30329289428076,14.5,2,0,0,425.0,414.0,408.0,414.5,437.0,443.0,448.0,453.0
2016-11-09 14:45:00,140.0,577,437.0,24.263431542461007,14.75,2,0,0,431.0,425.0,411.0,420.25,443.0,448.0,453.0,461.0
2016-11-09 15:00:00,134.0,577,443.0,23.223570190641247,15.0,2,0,0,437.0,431.0,414.0,426.75,448.0,453.0,461.0,469.0
2016-11-09 15:15:00,129.0,577,448.0,22.357019064124785,15.25,2,0,0,443.0,437.0,425.0,434.0,453.0,461.0,469.0,476.0
2016-11-09 15:30:00,124.0,577,453.0,21.49046793760832,15.5,2,0,0,448.0,443.0,431.0,439.75,461.0,469.0,476.0,483.0
2016-11-09 15:45:00,116.0,577,461.0,20.103986135181977,15.75,2,0,0,453.0,448.0,437.0,445.25,469.0,476.0,483.0,483.93548387096774
2016-11-09 16:00:00,108.0,577,469.0,18.717504332755635,16.0,2,0,0,461.0,453.0,443.0,451.25,476.0,483.0,483.93548387096774,484.8709677419355
2016-11-10 09:00:00,49.0,577,528.0,8.492201039861353,9.0,3,0,1,532.0,536.0,541.0,536.875,512.0,502.6666666666667,493.3333333333333,484.0
2016-11-10 09:15:00,65.0,577,512.0,11.265164644714037,9.25,3,0,1,528.0,532.0,538.5,533.625,502.6666666666667,493.3333333333333,484.0,451.0
2016-11-10 09:30:00,74.33333333333333,577,502.6666666666667,12.88272674754477,9.5,3,0,1,512.0,528.0,536.0,527.0,493.3333333333333,484.0,451.0,439.66666666666663
2016-11-10 09:45:00,83.66666666666667,577,493.3333333333333,14.500288850375506,9.75,3,0,1,502.6666666666667,512.0,532.0,518.6666666666666,484.0,451.0,439.66666666666663,428.33333333333337
2016-11-10 10:00:00,93.0,577,484.0,16.11785095320624,10.0,3,0,1,493.3333333333333,502.6666666666667,528.0,509.0,451.0,439.66666666666663,428.33333333333337,417.0
2016-11-10 10:15:00,126.0,577,451.0,21.837088388214905,10.25,3,0,0,484.0,493.3333333333333,512.0,498.0,439.66666666666663,428.33333333333337,417.0,391.0
2016-11-10 10:30:00,137.33333333333334,577,439.66666666666663,23.801270941652223,10.5,3,0,0,451.0,484.0,502.6666666666667,482.75,428.33333333333337,417.0,391.0,386.0
2016-11-10 10:45:00,148.66666666666666,577,428.33333333333337,25.76545349508954,10.75,3,0,0,439.66666666666663,451.0,493.3333333333333,467.0,417.0,391.0,386.0,381.0
2016-11-10 11:00:00,160.0,577,417.0,27.729636048526864,11.0,3,0,0,428.33333333333337,439.66666666666663,484.0,450.75,391.0,386.0,381.0,376.0
2016-11-10 11:15:00,186.0,577,391.0,32.23570190641248,11.25,3,0,0,417.0,428.33333333333337,451.0,434.0,386.0,381.0,376.0,369.0
2016-11-10 11:30:00,191.0,577,386.0,33.10225303292894,11.5,3,0,0,391.0,417.0,439.66666666666663,419.0,381.0,376.0,369.0,369.0
2016-11-10 11:45:00,196.0,577,381.0,33.96880415944541,11.75,3,0,0,386.0,391.0,428.33333333333337,405.58333333333337,376.0,369.0,369.0,369.0
2016-11-10 12:00:00,201.0,577,376.0,34.835355285961874,12.0,3,0,0,381.0,386.0,417.0,393.75,369.0,369.0,369.0,369.0
2016-11-10 12:15:00,208.0,577,369.0,36.04852686308492,12.25,3,0,0,376.0,381.0,391.0,383.5,369.0,369.0,369.0,373.0
2016-11-10 12:30:00,208.0,577,369.0,36.04852686308492,12.5,3,0,0,369.0,376.0,386.0,378.0,369.0,369.0,373.0,377.0
2016-11-10 12:45:00,208.0,577,369.0,36.04852686308492,12.75,3,0,0,369.0,369.0,381.0,373.75,369.0,373.0,377.0,376.5
2016-11-10 13:00:00,208.0,577,369.0,36.04852686308492,13.0,3,0,0,369.0,369.0,376.0,370.75,373.0,377.0,376.5,376.0
2016-11-10 13:15:00,204.0,577,373.0,35.35528596187175,13.25,3,0,0,369.0,369.0,369.0,369.0,377.0,376.5,376.0,387.0
2016-11-10 13:30:00,200.0,577,377.0,34.66204506065858,13.5,3,0,0,373.0,369.0,369.0,370.0,376.5,376.0,387.0,396.33333333333337
2016-11-10 13:45:00,200.5,577,376.5,34.748700173310226,13.75,3,0,0,377.0,373.0,369.0,372.0,376.0,387.0,396.33333333333337,405.66666666666663
2016-11-10 14:00:00,201.0,577,376.0,34.835355285961874,14.0,3,0,0,376.5,377.0,369.0,373.875,387.0,396.33333333333337,405.66666666666663,415.0
2016-11-10 14:15:00,190.0,577,387.0,32.92894280762565,14.25,3,0,0,376.0,376.5,373.0,375.625,396.33333333333337,405.66666666666663,415.0,424.0
2016-11-10 14:30:00,180.66666666666666,577,396.33333333333337,31.311380704794917,14.5,3,0,0,387.0,376.0,377.0,379.125,405.66666666666663,415.0,424.0,426.0
2016-11-10 14:45:00,171.33333333333334,577,405.66666666666663,29.693818601964182,14.75,3,0,0,396.33333333333337,387.0,376.5,383.95833333333337,415.0,424.0,426.0,428.0
2016-11-10 15:00:00,162.0,577,415.0,28.07625649913345,15.0,3,0,0,405.66666666666663,396.33333333333337,376.0,391.25,424.0,426.0,428.0,430.0
2016-11-10 15:15:00,153.0,577,424.0,26.51646447140381,15.25,3,0,0,415.0,405.66666666666663,387.0,401.0,426.0,428.0,430.0,441.0
2016-11-10 15:30:00,151.0,577,426.0,26.16984402079723,15.5,3,0,0,424.0,415.0,396.33333333333337,410.25,428.0,430.0,441.0,442.53968253968253
2016-11-10 15:45:00,149.0,577,428.0,25.82322357019064,15.75,3,0,0,426.0,424.0,405.66666666666663,417.66666666666663,430.0,441.0,442.53968253968253,444.07936507936506
2016-11-11 09:00:00,63.0,577,514.0,10.918544194107453,9.0,4,0,1,521.0,528.0,538.0,530.5,495.0,481.6666666666667,468.3333333333333,455.0
2016-11-11 09:15:00,82.0,577,495.0,14.211438474870016,9.25,4,0,1,514.0,521.0,535.0,524.5,481.6666666666667,468.3333333333333,455.0,430.0
2016-11-11 09:30:00,95.33333333333333,577,481.6666666666667,16.52224147891392,9.5,4,0,1,495.0,514.0,528.0,514.5,468.3333333333333,455.0,430.0,422.66666666666663
2016-11-11 09:45:00,108.66666666666667,577,468.3333333333333,18.833044482957828,9.75,4,0,1,481.6666666666667,495.0,521.0,502.9166666666667,455.0,430.0,422.66666666666663,415.33333333333337
2016-11-11 10:00:00,122.0,577,455.0,21.143847487001732,10.0,4,0,1,468.3333333333333,481.6666666666667,514.0,489.75,430.0,422.66666666666663,415.33333333333337,408.0
2016-11-11 10:15:00,147.0,577,430.0,25.476603119584055,10.25,4,0,0,455.0,468.3333333333333,495.0,475.0,422.66666666666663,415.33333333333337,408.0,386.0
2016-11-11 10:30:00,154.33333333333334,577,422.66666666666663,26.747544771808208,10.5,4,0,0,430.0,455.0,481.6666666666667,458.75,415.33333333333337,408.0,386.0,387.0
2016-11-11 10:45:00,161.66666666666666,577,415.33333333333337,28.018486424032353,10.75,4,0,0,422.66666666666663,430.0,468.3333333333333,444.0,408.0,386.0,387.0,388.0
2016-11-11 11:00:00,169.0,577,408.0,29.289428076256502,11.0,4,0,0,415.33333333333337,422.66666666666663,455.0,430.75,386.0,387.0,388.0,389.0
2016-11-11 11:15:00,191.0,577,386.0,33.10225303292894,11.25,4,0,0,408.0,415.33333333333337,430.0,419.0,387.0,388.0,389.0,399.0
2016-11-11 11:30:00,190.0,577,387.0,32.92894280762565,11.5,4,0,0,386.0,408.0,422.66666666666663,408.0,388.0,389.0,399.0,403.66666666666663
2016-11-11 11:45:00,189.0,577,388.0,32.755632582322356,11.75,4,0,0,387.0,386.0,415.33333333333337,399.08333333333337,389.0,399.0,403.66666666666663,408.33333333333337
2016-11-11 12:00:00,188.0,577,389.0,32.582322357019066,12.0,4,0,0,388.0,387.0,408.0,392.25,399.0,403.66666666666663,408.33333333333337,413.0
2016-11-11 12:15:00,178.0,577,399.0,30.849220103986134,12.25,4,0,0,389.0,388.0,386.0,387.5,403.66666666666663,408.33333333333337,413.0,412.0
2016-11-11 12:30:00,173.33333333333334,577,403.66666666666663,30.040439052570772,12.5,4,0,0,399.0,389.0,387.0,390.75,408.33333333333337,413.0,412.0,411.0
2016-11-11 12:45:00,168.66666666666666,577,408.33333333333337,29.2316580011554,12.75,4,0,0,403.66666666666663,399.0,388.0,394.91666666666663,413.0,412.0,411.0,409.0
2016-11-11 13:00:00,164.0,577,413.0,28.422876949740033,13.0,4,0,0,408.33333333333337,403.66666666666663,389.0,400.0,412.0,411.0,409.0,407.0
2016-11-11 13:15:00,165.0,577,412.0,28.596187175043326,13.25,4,0,0,413.0,408.33333333333337,399.0,406.0,411.0,409.0,407.0,416.0
2016-11-11 13:30:00,166.0,577,411.0,28.769497400346623,13.5,4,0,0,412.0,413.0,403.66666666666663,409.25,409.0,407.0,416.0,415.66666666666663
2016-11-11 13:45:00,168.0,577,409.0,29.116117850953206,13.75,4,0,0,411.0,412.0,408.33333333333337,411.08333333333337,407.0,416.0,415.66666666666663,415.33333333333337
2016-11-11 14:00:00,170.0,577,407.0,29.462738301559792,14.0,4,0,0,409.0,411.0,413.0,411.25,416.0,415.66666666666663,415.33333333333337,415.0
2016-11-11 14:15:00,161.0,577,416.0,27.902946273830153,14.25,4,0,0,407.0,409.0,412.0,409.75,415.66666666666663,415.33333333333337,415.0,425.0
2016-11-11 14:30:00,161.33333333333334,577,415.66666666666663,27.960716348931253,14.5,4,0,0,416.0,407.0,411.0,410.75,415.33333333333337,415.0,425.0,435.0
2016-11-11 14:45:00,161.66666666666666,577,415.33333333333337,28.018486424032353,14.75,4,0,0,415.66666666666663,416.0,409.0,411.91666666666663,415.0,425.0,435.0,437.0
2016-11-11 15:00:00,162.0,577,415.0,28.07625649913345,15.0,4,0,0,415.33333333333337,415.66666666666663,407.0,413.5,425.0,435.0,437.0,439.0
2016-11-11 15:15:00,152.0,577,425.0,26.343154246100518,15.25,4,0,0,415.0,415.33333333333337,416.0,415.5,435.0,437.0,439.0,446.0
2016-11-11 15:30:00,142.0,577,435.0,24.610051993067593,15.5,4,0,0,425.0,415.0,415.66666666666663,417.75,437.0,439.0,446.0,453.0
2016-11-11 15:45:00,140.0,577,437.0,24.263431542461007,15.75,4,0,0,435.0,425.0,415.33333333333337,422.58333333333337,439.0,446.0,453.0,454.4677419354839
2016-11-11 16:00:00,138.0,577,439.0,23.91681109185442,16.0,4,0,0,437.0,435.0,415.0,428.0,446.0,453.0,454.4677419354839,455.93548387096774
2016-11-12 09:00:00,50.0,577,527.0,8.665511265164644,9.0,5,1,1,531.3333333333334,535.6666666666666,544.0,537.75,504.0,487.0,470.0,453.0
2016-11-12 09:15:00,73.0,577,504.0,12.65164644714038,9.25,5,1,1,527.0,531.3333333333334,540.0,533.5,487.0,470.0,453.0,418.0
2016-11-12 09:30:00,90.0,577,487.0,15.597920277296359,9.5,5,1,1,504.0,527.0,535.6666666666666,524.5,470.0,453.0,418.0,400.33333333333337
2016-11-12 09:45:00,107.0,577,470.0,18.544194107452338,9.75,5,1,1,487.0,504.0,531.3333333333334,512.3333333333334,453.0,418.0,400.33333333333337,382.66666666666663
2016-11-12 10:00:00,124.0,577,453.0,21.49046793760832,10.0,5,1,1,470.0,487.0,527.0,497.0,418.0,400.33333333333337,382.66666666666663,365.0
2016-11-12 10:15:00,159.0,577,418.0,27.55632582322357,10.25,5,1,0,453.0,470.0,504.0,478.5,400.33333333333337,382.66666666666663,365.0,345.5
2016-11-12 10:30:00,176.66666666666666,577,400.33333333333337,30.618139803581744,10.5,5,1,0,418.0,453.0,487.0,457.0,382.66666666666663,365.0,345.5,326.0
2016-11-12 10:45:00,194.33333333333334,577,382.66666666666663,33.67995378393992,10.75,5,1,0,400.33333333333337,418.0,470.0,435.33333333333337,365.0,345.5,326.0,306.0
2016-11-12 11:00:00,212.0,577,365.0,36.741767764298096,11.0,5,1,0,382.66666666666663,400.33333333333337,453.0,413.5,345.5,326.0,306.0,286.0
2016-11-12 11:15:00,231.5,577,345.5,40.121317157712305,11.25,5,1,0,365.0,382.66666666666663,418.0,391.5,326.0,306.0,286.0,271.0
2016-11-12 11:30:00,251.0,577,326.0,43.500866551126514,11.5,5,1,0,345.5,365.0,400.33333333333337,373.375,306.0,286.0,271.0,266.0
2016-11-12 11:45:00,271.0,577,306.0,46.96707105719237,11.75,5,1,0,326.0,345.5,382.66666666666663,354.79166666666663,286.0,271.0,266.0,261.0
2016-11-12 12:00:00,291.0,577,286.0,50.43327556325823,12.0,5,1,0,306.0,326.0,365.0,335.625,271.0,266.0,261.0,256.0
2016-11-12 12:15:00,306.0,577,271.0,53.03292894280762,12.25,5,1,0,286.0,306.0,345.5,315.875,266.0,261.0,256.0,236.0
2016-11-12 12:30:00,311.0,577,266.0,53.89948006932409,12.5,5,1,0,271.0,286.0,326.0,297.25,261.0,256.0,236.0,222.0
2016-11-12 12:45:00,316.0,577,261.0,54.76603119584056,12.75,5,1,0,266.0,271.0,306.0,282.25,256.0,236.0,222.0,208.0
2016-11-12 13:00:00,321.0,577,256.0,55.63258232235702,13.0,5,1,0,261.0,266.0,286.0,271.0,236.0,222.0,208.0,194.0
2016-11-12 13:15:00,341.0,577,236.0,59.09878682842288,13.25,5,1,0,256.0,261.0,271.0,263.5,222.0,208.0,194.0,161.0
2016-11-12 13:30:00,355.0,577,222.0,61.52512998266898,13.5,5,1,0,236.0,256.0,266.0,254.75,208.0,194.0,161.0,150.0
2016-11-12 13:45:00,369.0,577,208.0,63.951473136915084,13.75,5,1,0,222.0,236.0,261.0,243.75,194.0,161.0,150.0,139.0
2016-11-12 14:00:00,383.0,577,194.0,66.37781629116117,14.0,5,1,0,208.0,222.0,256.0,230.5,161.0,150.0,139.0,128.0
2016-11-12 14:15:00,416.0,577,161.0,72.09705372616985,14.25,5,1,0,194.0,208.0,236.0,215.0,150.0,139.0,128.0,135.0
2016-11-12 14:30:00,427.0,577,150.0,74.00346620450607,14.5,5,1,0,161.0,194.0,222.0,196.25,139.0,128.0,135.0,143.0
2016-11-12 14:45:00,438.0,577,139.0,75.90987868284229,14.75,5,1,0,150.0,161.0,208.0,178.25,128.0,135.0,143.0,151.0
2016-11-12 15:00:00,449.0,577,128.0,77.81629116117851,15.0,5,1,0,139.0,150.0,194.0,161.0,135.0,143.0,151.0,159.0
2016-11-12 15:15:00,442.0,577,135.0,76.60311958405546,15.25,5,1,0,128.0,139.0,161.0,144.5,143.0,151.0,159.0,190.0
2016-11-12 15:30:00,434.0,577,143.0,75.21663778162912,15.5,5,1,0,135.0,128.0,150.0,138.0,151.0,159.0,190.0,221.0
2016-11-12 15:45:00,426.0,577,151.0,73.83015597920277,15.75,5,1,0,143.0,135.0,139.0,136.25,159.0,190.0,221.0,226.3709677419355
2016-11-12 16:00:00,418.0,577,159.0,72.44367417677643,16.0,5,1,0,151.0,143.0,128.0,139.25,190.0,221.0,226.3709677419355,231.74193548387098
2016-11-13 09:00:00,27.0,577,550.0,4.679376083188909,9.0,6,1,1,551.0,552.0,554.0,552.5,549.5,549.0,547.0,545.0
2016-11-13 09:15:00,27.5,577,549.5,4.766031195840554,9.25,6,1,1,550.0,551.0,553.0,551.5,549.0,547.0,545.0,538.0
2016-11-13 09:30:00,28.0,577,549.0,4.852686308492201,9.5,6,1,1,549.5,550.0,552.0,550.625,547.0,545.0,538.0,531.0
2016-11-13 09:45:00,30.0,577,547.0,5.1993067590987865,9.75,6,1,1,549.0,549.5,551.0,549.875,545.0,538.0,531.0,519.5
2016-11-13 10:00:00,32.0,577,545.0,5.545927209705372,10.0,6,1,1,547.0,549.0,550.0,548.875,538.0,531.0,519.5,508.0
2016-11-13 10:15:00,39.0,577,538.0,6.759098786828423,10.25,6,1,0,545.0,547.0,549.5,547.625,531.0,519.5,508.0,482.0
2016-11-13 10:30:00,46.0,577,531.0,7.9722703639514725,10.5,6,1,0,538.0,545.0,549.0,544.75,519.5,508.0,482.0,471.0
2016-11-13 10:45:00,57.5,577,519.5,9.965337954939342,10.75,6,1,0,531.0,538.0,547.0,540.25,508.0,482.0,471.0,460.0
2016-11-13 11:00:00,69.0,577,508.0,11.95840554592721,11.0,6,1,0,519.5,531.0,545.0,533.375,482.0,471.0,460.0,449.0
2016-11-13 11:15:00,95.0,577,482.0,16.464471403812826,11.25,6,1,0,508.0,519.5,538.0,524.125,471.0,460.0,449.0,423.0
2016-11-13 11:30:00,106.0,577,471.0,18.370883882149048,11.5,6,1,0,482.0,508.0,531.0,510.125,460.0,449.0,423.0,410.66666666666663
2016-11-13 11:45:00,117.0,577,460.0,20.27729636048527,11.75,6,1,0,471.0,482.0,519.5,495.125,449.0,423.0,410.66666666666663,398.33333333333337
2016-11-13 12:00:00,128.0,577,449.0,22.183708838821488,12.0,6,1,0,460.0,471.0,508.0,480.25,423.0,410.66666666666663,398.33333333333337,386.0
2016-11-13 12:15:00,154.0,577,423.0,26.689774696707108,12.25,6,1,0,449.0,460.0,482.0,465.5,410.66666666666663,398.33333333333337,386.0,379.5
2016-11-13 12:30:00,166.33333333333334,577,410.66666666666663,28.82726747544772,12.5,6,1,0,423.0,449.0,471.0,450.75,398.33333333333337,386.0,379.5,373.0
2016-11-13 12:45:00,178.66666666666666,577,398.33333333333337,30.964760254188327,12.75,6,1,0,410.66666666666663,423.0,460.0,435.66666666666663,386.0,379.5,373.0,365.0
2016-11-13 13:00:00,191.0,577,386.0,33.10225303292894,13.0,6,1,0,398.33333333333337,410.66666666666663,449.0,420.25,379.5,373.0,365.0,357.0
2016-11-13 13:15:00,197.5,577,379.5,34.22876949740035,13.25,6,1,0,386.0,398.33333333333337,423.0,404.5,373.0,365.0,357.0,344.0
2016-11-13 13:30:00,204.0,577,373.0,35.35528596187175,13.5,6,1,0,379.5,386.0,410.66666666666663,393.625,365.0,357.0,344.0,348.33333333333337
2016-11-13 13:45:00,212.0,577,365.0,36.741767764298096,13.75,6,1,0,373.0,379.5,398.33333333333337,384.20833333333337,357.0,344.0,348.33333333333337,352.66666666666663
2016-11-13 14:00:00,220.0,577,357.0,38.128249566724435,14.0,6,1,0,365.0,373.0,386.0,375.875,344.0,348.33333333333337,352.66666666666663,357.0
2016-11-13 14:15:00,233.0,577,344.0,40.38128249566724,14.25,6,1,0,357.0,365.0,379.5,368.625,348.33333333333337,352.66666666666663,357.0,372.0
2016-11-13 14:30:00,228.66666666666666,577,348.33333333333337,39.63027151935297,14.5,6,1,0,344.0,357.0,373.0,359.75,352.66666666666663,357.0,372.0,383.66666666666663
2016-11-13 14:45:00,224.33333333333334,577,352.66666666666663,38.879260543038704,14.75,6,1,0,348.33333333333337,344.0,365.0,353.58333333333337,357.0,372.0,383.66666666666663,395.33333333333337
2016-11-13 15:00:00,220.0,577,357.0,38.128249566724435,15.0,6,1,0,352.66666666666663,348.33333333333337,357.0,350.5,372.0,383.66666666666663,395.33333333333337,407.0
2016-11-13 15:15:00,205.0,577,372.0,35.52859618717504,15.25,6,1,0,357.0,352.66666666666663,344.0,350.5,383.66666666666663,395.33333333333337,407.0,444.0
2016-11-13 15:30:00,193.33333333333334,577,383.66666666666663,33.506643558636625,15.5,6,1,0,372.0,357.0,348.33333333333337,357.5,395.33333333333337,407.0,444.0,445.6190476190476
2016-11-13 15:45:00,181.66666666666666,577,395.33333333333337,31.484690930098207,15.75,6,1,0,383.66666666666663,372.0,352.66666666666663,366.33333333333326,407.0,444.0,445.6190476190476,447.23809523809524
2016-11-14 09:00:00,42.0,577,535.0,7.279029462738301,9.0,0,0,1,538.0,541.0,546.0,542.125,516.0,508.0,500.0,492.0
2016-11-14 09:15:00,61.0,577,516.0,10.571923743500866,9.25,0,0,1,535.0,538.0,543.5,539.375,508.0,500.0,492.0,478.0
2016-11-14 09:30:00,69.0,577,508.0,11.95840554592721,9.5,0,0,1,516.0,535.0,541.0,532.5,500.0,492.0,478.0,468.0
2016-11-14 09:45:00,77.0,577,500.0,13.344887348353554,9.75,0,0,1,508.0,516.0,538.0,524.25,492.0,478.0,468.0,458.0
2016-11-14 10:00:00,85.0,577,492.0,14.731369150779896,10.0,0,0,1,500.0,508.0,535.0,514.75,478.0,468.0,458.0,448.0
2016-11-14 10:15:00,99.0,577,478.0,17.157712305025996,10.25,0,0,0,492.0,500.0,516.0,504.0,468.0,458.0,448.0,442.0
2016-11-14 10:30:00,109.0,577,468.0,18.890814558058924,10.5,0,0,0,478.0,492.0,508.0,494.5,458.0,448.0,442.0,434.33333333333337
2016-11-14 10:45:00,119.0,577,458.0,20.623916811091856,10.75,0,0,0,468.0,478.0,500.0,484.5,448.0,442.0,434.33333333333337,426.66666666666663
2016-11-14 11:00:00,129.0,577,448.0,22.357019064124785,11.0,0,0,0,458.0,468.0,492.0,474.0,442.0,434.33333333333337,426.66666666666663,419.0
2016-11-14 11:15:00,135.0,577,442.0,23.39688041594454,11.25,0,0,0,448.0,458.0,478.0,463.0,434.33333333333337,426.66666666666663,419.0,423.0
2016-11-14 11:30:00,142.66666666666666,577,434.33333333333337,24.725592143269782,11.5,0,0,0,442.0,448.0,468.0,454.0,426.66666666666663,419.0,423.0,420.0
2016-11-14 11:45:00,150.33333333333334,577,426.66666666666663,26.054303870595035,11.75,0,0,0,434.33333333333337,442.0,458.0,445.58333333333337,419.0,423.0,420.0,417.0
2016-11-14 12:00:00,158.0,577,419.0,27.38301559792028,12.0,0,0,0,426.66666666666663,434.33333333333337,448.0,437.75,423.0,420.0,417.0,414.0
2016-11-14 12:15:00,154.0,577,423.0,26.689774696707108,12.25,0,0,0,419.0,426.66666666666663,442.0,430.5,420.0,417.0,414.0,425.0
2016-11-14 12:30:00,157.0,577,420.0,27.209705372616984,12.5,0,0,0,423.0,419.0,434.33333333333337,425.75,417.0,414.0,425.0,428.0
2016-11-14 12:45:00,160.0,577,417.0,27.729636048526864,12.75,0,0,0,420.0,423.0,426.66666666666663,422.16666666666663,414.0,425.0,428.0,431.0
2016-11-14 13:00:00,163.0,577,414.0,28.249566724436743,13.0,0,0,0,417.0,420.0,419.0,419.75,425.0,428.0,431.0,434.0
2016-11-14 13:15:00,152.0,577,425.0,26.343154246100518,13.25,0,0,0,414.0,417.0,423.0,418.5,428.0,431.0,434.0,442.5
2016-11-14 13:30:00,149.0,577,428.0,25.82322357019064,13.5,0,0,0,425.0,414.0,420.0,419.0,431.0,434.0,442.5,451.0
2016-11-14 13:45:00,146.0,577,431.0,25.30329289428076,13.75,0,0,0,428.0,425.0,417.0,421.0,434.0,442.5,451.0,453.5
2016-11-14 14:00:00,143.0,577,434.0,24.783362218370883,14.0,0,0,0,431.0,428.0,414.0,424.5,442.5,451.0,453.5,456.0
2016-11-14 14:15:00,134.5,577,442.5,23.310225303292896,14.25,0,0,0,434.0,431.0,425.0,429.5,451.0,453.5,456.0,464.0
2016-11-14 14:30:00,126.0,577,451.0,21.837088388214905,14.5,0,0,0,442.5,434.0,428.0,433.875,453.5,456.0,464.0,467.3333333333333
2016-11-14 14:45:00,123.5,577,453.5,21.403812824956674,14.75,0,0,0,451.0,442.5,431.0,439.625,456.0,464.0,467.3333333333333,470.6666666666667
2016-11-14 15:00:00,121.0,577,456.0,20.97053726169844,15.0,0,0,0,453.5,451.0,434.0,445.25,464.0,467.3333333333333,470.6666666666667,474.0
2016-11-14 15:15:00,113.0,577,464.0,19.584055459272097,15.25,0,0,0,456.0,453.5,442.5,450.75,467.3333333333333,470.6666666666667,474.0,488.0
2016-11-14 15:30:00,109.66666666666667,577,467.3333333333333,19.00635470826112,15.5,0,0,0,464.0,456.0,451.0,456.125,470.6666666666667,474.0,488.0,488.9193548387097
2016-11-14 15:45:00,106.33333333333333,577,470.6666666666667,18.428653957250145,15.75,0,0,0,467.3333333333333,464.0,453.5,460.2083333333333,474.0,488.0,488.9193548387097,489.8387096774194
2016-11-15 08:45:00,47.0,577,530.0,8.145580589254767,8.75,1,0,1,539.0,541.0,545.0,542.0,519.3333333333334,508.6666666666667,498.0,464.0
2016-11-15 09:00:00,57.666666666666664,577,519.3333333333334,9.99422299248989,9.0,1,0,1,530.0,539.0,543.0,538.25,508.6666666666667,498.0,464.0,444.66666666666663
2016-11-15 09:15:00,68.33333333333333,577,508.6666666666667,11.842865395725013,9.25,1,0,1,519.3333333333334,530.0,541.0,532.3333333333334,498.0,464.0,444.66666666666663,425.33333333333337
2016-11-15 09:30:00,79.0,577,498.0,13.69150779896014,9.5,1,0,1,508.6666666666667,519.3333333333334,539.0,524.25,464.0,444.66666666666663,425.33333333333337,406.0
2016-11-15 09:45:00,113.0,577,464.0,19.584055459272097,9.75,1,0,1,498.0,508.6666666666667,530.0,514.0,444.66666666666663,425.33333333333337,406.0,387.0
2016-11-15 10:00:00,132.33333333333334,577,444.66666666666663,22.93471981513576,10.0,1,0,1,464.0,498.0,519.3333333333334,497.5,425.33333333333337,406.0,387.0,368.0
2016-11-15 10:15:00,151.66666666666666,577,425.33333333333337,26.28538417099942,10.25,1,0,0,444.66666666666663,464.0,508.6666666666667,478.8333333333333,406.0,387.0,368.0,359.5
2016-11-15 10:30:00,171.0,577,406.0,29.636048526863085,10.5,1,0,0,425.33333333333337,444.66666666666663,498.0,458.0,387.0,368.0,359.5,351.0
2016-11-15 10:45:00,190.0,577,387.0,32.92894280762565,10.75,1,0,0,406.0,425.33333333333337,464.0,435.0,368.0,359.5,351.0,350.0
2016-11-15 11:00:00,209.0,577,368.0,36.22183708838821,11.0,1,0,0,387.0,406.0,444.66666666666663,415.75,359.5,351.0,350.0,351.66666666666663
2016-11-15 11:15:00,217.5,577,359.5,37.6949740034662,11.25,1,0,0,368.0,387.0,425.33333333333337,396.5833333333333,351.0,350.0,351.66666666666663,353.33333333333337
2016-11-15 11:30:00,226.0,577,351.0,39.168110918544194,11.5,1,0,0,359.5,368.0,406.0,380.125,350.0,351.66666666666663,353.33333333333337,355.0
2016-11-15 11:45:00,227.0,577,350.0,39.34142114384749,11.75,1,0,0,351.0,359.5,387.0,366.375,351.66666666666663,353.33333333333337,355.0,347.0
2016-11-15 12:00:00,225.33333333333334,577,351.66666666666663,39.052570768342,12.0,1,0,0,350.0,351.0,368.0,357.125,353.33333333333337,355.0,347.0,346.0
2016-11-15 12:15:00,223.66666666666666,577,353.33333333333337,38.76372039283651,12.25,1,0,0,351.66666666666663,350.0,359.5,353.0416666666667,355.0,347.0,346.0,345.0
2016-11-15 12:30:00,222.0,577,355.0,38.47487001733102,12.5,1,0,0,353.33333333333337,351.66666666666663,351.0,351.5,347.0,346.0,345.0,344.0
2016-11-15 12:45:00,230.0,577,347.0,39.86135181975737,12.75,1,0,0,355.0,353.33333333333337,350.0,352.5,346.0,345.0,344.0,336.5
2016-11-15 13:00:00,231.0,577,346.0,40.03466204506066,13.0,1,0,0,347.0,355.0,351.66666666666663,351.75,345.0,344.0,336.5,329.0
2016-11-15 13:15:00,232.0,577,345.0,40.20797227036395,13.25,1,0,0,346.0,347.0,353.33333333333337,350.3333333333333,344.0,336.5,329.0,345.0
2016-11-15 13:30:00,233.0,577,344.0,40.38128249566724,13.5,1,0,0,345.0,346.0,355.0,348.25,336.5,329.0,345.0,361.0
2016-11-15 13:45:00,240.5,577,336.5,41.68110918544194,13.75,1,0,0,344.0,345.0,347.0,345.5,329.0,345.0,361.0,384.0
2016-11-15 14:00:00,248.0,577,329.0,42.98093587521664,14.0,1,0,0,336.5,344.0,346.0,342.875,345.0,361.0,384.0,407.0
2016-11-15 14:15:00,232.0,577,345.0,40.20797227036395,14.25,1,0,0,329.0,336.5,345.0,338.625,361.0,384.0,407.0,413.0
2016-11-15 14:30:00,216.0,577,361.0,37.43500866551127,14.5,1,0,0,345.0,329.0,344.0,338.625,384.0,407.0,413.0,419.0
2016-11-15 14:45:00,193.0,577,384.0,33.44887348353553,14.75,1,0,0,361.0,345.0,336.5,342.875,407.0,413.0,419.0,441.0
2016-11-15 15:00:00,170.0,577,407.0,29.462738301559792,15.0,1,0,0,384.0,361.0,329.0,354.75,413.0,419.0,441.0,448.33333333333337
2016-11-15 15:15:00,164.0,577,413.0,28.422876949740033,15.25,1,0,0,407.0,384.0,345.0,374.25,419.0,441.0,448.33333333333337,455.6666666666667
2016-11-15 15:30:00,158.0,577,419.0,27.38301559792028,15.5,1,0,0,413.0,407.0,361.0,391.25,441.0,448.33333333333337,455.6666666666667,463.0
2016-11-15 15:45:00,136.0,577,441.0,23.570190641247834,15.75,1,0,0,419.0,413.0,384.0,405.75,448.33333333333337,455.6666666666667,463.0,464.2258064516129
2016-11-15 16:00:00,128.66666666666666,577,448.33333333333337,22.299248989023685,16.0,1,0,0,441.0,419.0,407.0,420.0,455.6666666666667,463.0,464.2258064516129,465.4516129032258
2016-11-16 09:00:00,54.0,577,523.0,9.358752166377817,9.0,2,0,1,527.6666666666666,532.3333333333334,539.0,534.0,513.0,501.3333333333333,489.6666666666667,478.0
2016-11-16 09:15:00,64.0,577,513.0,11.091854419410744,9.25,2,0,1,523.0,527.6666666666666,537.0,530.0,501.3333333333333,489.6666666666667,478.0,463.0
2016-11-16 09:30:00,75.66666666666667,577,501.3333333333333,13.113807047949164,9.5,2,0,1,513.0,523.0,532.3333333333334,524.0,489.6666666666667,478.0,463.0,448.0
2016-11-16 09:45:00,87.33333333333333,577,489.6666666666667,15.135759676487579,9.75,2,0,1,501.3333333333333,513.0,527.6666666666666,516.25,478.0,463.0,448.0,438.0
2016-11-16 10:00:00,99.0,577,478.0,17.157712305025996,10.0,2,0,1,489.6666666666667,501.3333333333333,523.0,506.75,463.0,448.0,438.0,428.0
2016-11-16 10:15:00,114.0,577,463.0,19.75736568457539,10.25,2,0,0,478.0,489.6666666666667,513.0,495.5,448.0,438.0,428.0,414.0
2016-11-16 10:30:00,129.0,577,448.0,22.357019064124785,10.5,2,0,0,463.0,478.0,501.3333333333333,483.0,438.0,428.0,414.0,410.33333333333337
2016-11-16 10:45:00,139.0,577,438.0,24.090121317157713,10.75,2,0,0,448.0,463.0,489.6666666666667,469.6666666666667,428.0,414.0,410.33333333333337,406.66666666666663
2016-11-16 11:00:00,149.0,577,428.0,25.82322357019064,11.0,2,0,0,438.0,448.0,478.0,456.75,414.0,410.33333333333337,406.66666666666663,403.0
2016-11-16 11:15:00,163.0,577,414.0,28.249566724436743,11.25,2,0,0,428.0,438.0,463.0,444.25,410.33333333333337,406.66666666666663,403.0,405.0
2016-11-16 11:30:00,166.66666666666666,577,410.33333333333337,28.885037550548816,11.5,2,0,0,414.0,428.0,448.0,432.0,406.66666666666663,403.0,405.0,403.66666666666663
2016-11-16 11:45:00,170.33333333333334,577,406.66666666666663,29.520508376660892,11.75,2,0,0,410.33333333333337,414.0,438.0,422.58333333333337,403.0,405.0,403.66666666666663,402.33333333333337
2016-11-16 12:00:00,174.0,577,403.0,30.155979202772965,12.0,2,0,0,406.66666666666663,410.33333333333337,428.0,414.75,405.0,403.66666666666663,402.33333333333337,401.0
2016-11-16 12:15:00,172.0,577,405.0,29.809358752166375,12.25,2,0,0,403.0,406.66666666666663,414.0,408.5,403.66666666666663,402.33333333333337,401.0,390.0
2016-11-16 12:30:00,173.33333333333334,577,403.66666666666663,30.040439052570772,12.5,2,0,0,405.0,403.0,410.33333333333337,406.25,402.33333333333337,401.0,390.0,391.66666666666663
2016-11-16 12:45:00,174.66666666666666,577,402.33333333333337,30.271519352975158,12.75,2,0,0,403.66666666666663,405.0,406.66666666666663,404.58333333333326,401.0,390.0,391.66666666666663,393.33333333333337
2016-11-16 13:00:00,176.0,577,401.0,30.502599653379548,13.0,2,0,0,402.33333333333337,403.66666666666663,403.0,403.5,390.0,391.66666666666663,393.33333333333337,395.0
2016-11-16 13:15:00,187.0,577,390.0,32.40901213171577,13.25,2,0,0,401.0,402.33333333333337,405.0,403.0,391.66666666666663,393.33333333333337,395.0,396.0
2016-11-16 13:30:00,185.33333333333334,577,391.66666666666663,32.12016175621029,13.5,2,0,0,390.0,401.0,403.66666666666663,399.25,393.33333333333337,395.0,396.0,403.33333333333337
2016-11-16 13:45:00,183.66666666666666,577,393.33333333333337,31.83131138070479,13.75,2,0,0,391.66666666666663,390.0,402.33333333333337,396.25,395.0,396.0,403.33333333333337,410.66666666666663
2016-11-16 14:00:00,182.0,577,395.0,31.542461005199307,14.0,2,0,0,393.33333333333337,391.66666666666663,401.0,394.0,396.0,403.33333333333337,410.66666666666663,418.0
2016-11-16 14:15:00,181.0,577,396.0,31.369150779896017,14.25,2,0,0,395.0,393.33333333333337,390.0,392.5,403.33333333333337,410.66666666666663,418.0,425.0
2016-11-16 14:30:00,173.66666666666666,577,403.33333333333337,30.098209127671865,14.5,2,0,0,396.0,395.0,391.66666666666663,394.0,410.66666666666663,418.0,425.0,432.0
2016-11-16 14:45:00,166.33333333333334,577,410.66666666666663,28.82726747544772,14.75,2,0,0,403.33333333333337,396.0,393.33333333333337,396.91666666666674,418.0,425.0,432.0,434.5
2016-11-16 15:00:00,159.0,577,418.0,27.55632582322357,15.0,2,0,0,410.66666666666663,403.33333333333337,395.0,401.25,425.0,432.0,434.5,437.0
2016-11-16 15:15:00,152.0,577,425.0,26.343154246100518,15.25,2,0,0,418.0,410.66666666666663,396.0,407.0,432.0,434.5,437.0,444.5
2016-11-16 15:30:00,145.0,577,432.0,25.12998266897747,15.5,2,0,0,425.0,418.0,403.33333333333337,414.25,434.5,437.0,444.5,452.0
2016-11-16 15:45:00,142.5,577,434.5,24.696707105719238,15.75,2,0,0,432.0,425.0,410.66666666666663,421.41666666666663,437.0,444.5,452.0,453.4677419354839
2016-11-16 16:00:00,140.0,577,437.0,24.263431542461007,16.0,2,0,0,434.5,432.0,418.0,427.375,444.5,452.0,453.4677419354839,454.93548387096774
2016-11-17 09:00:00,51.0,577,526.0,8.838821490467938,9.0,3,0,1,532.5,539.0,543.0,538.875,517.0,508.0,469.0,456.3333333333333
2016-11-17 09:15:00,60.0,577,517.0,10.398613518197573,9.25,3,0,1,526.0,532.5,541.0,534.625,508.0,469.0,456.3333333333333,443.66666666666663
2016-11-17 09:30:00,69.0,577,508.0,11.95840554592721,9.5,3,0,1,517.0,526.0,539.0,528.625,469.0,456.3333333333333,443.66666666666663,431.0
2016-11-17 09:45:00,108.0,577,469.0,18.717504332755635,9.75,3,0,1,508.0,517.0,532.5,520.875,456.3333333333333,443.66666666666663,431.0,413.0
2016-11-17 10:00:00,120.66666666666667,577,456.3333333333333,20.912767186597346,10.0,3,0,1,469.0,508.0,526.0,505.0,443.66666666666663,431.0,413.0,395.0
2016-11-17 10:15:00,133.33333333333334,577,443.66666666666663,23.108030040439054,10.25,3,0,0,456.3333333333333,469.0,517.0,487.5833333333333,431.0,413.0,395.0,393.0
2016-11-17 10:30:00,146.0,577,431.0,25.30329289428076,10.5,3,0,0,443.66666666666663,456.3333333333333,508.0,469.25,413.0,395.0,393.0,391.0
2016-11-17 10:45:00,164.0,577,413.0,28.422876949740033,10.75,3,0,0,431.0,443.66666666666663,469.0,450.0,395.0,393.0,391.0,379.5
2016-11-17 11:00:00,182.0,577,395.0,31.542461005199307,11.0,3,0,0,413.0,431.0,456.3333333333333,436.0,393.0,391.0,379.5,368.0
2016-11-17 11:15:00,184.0,577,393.0,31.88908145580589,11.25,3,0,0,395.0,413.0,443.66666666666663,420.6666666666667,391.0,379.5,368.0,367.5
2016-11-17 11:30:00,186.0,577,391.0,32.23570190641248,11.5,3,0,0,393.0,395.0,431.0,408.0,379.5,368.0,367.5,367.0
2016-11-17 11:45:00,197.5,577,379.5,34.22876949740035,11.75,3,0,0,391.0,393.0,413.0,398.0,368.0,367.5,367.0,365.0
2016-11-17 12:00:00,209.0,577,368.0,36.22183708838821,12.0,3,0,0,379.5,391.0,395.0,389.625,367.5,367.0,365.0,363.0
2016-11-17 12:15:00,209.5,577,367.5,36.30849220103986,12.25,3,0,0,368.0,379.5,393.0,382.875,367.0,365.0,363.0,364.0
2016-11-17 12:30:00,210.0,577,367.0,36.3951473136915,12.5,3,0,0,367.5,368.0,391.0,376.5,365.0,363.0,364.0,365.0
2016-11-17 12:45:00,212.0,577,365.0,36.741767764298096,12.75,3,0,0,367.0,367.5,379.5,370.5,363.0,364.0,365.0,374.5
2016-11-17 13:00:00,214.0,577,363.0,37.088388214904676,13.0,3,0,0,365.0,367.0,368.0,366.875,364.0,365.0,374.5,384.0
2016-11-17 13:15:00,213.0,577,364.0,36.915077989601386,13.25,3,0,0,363.0,365.0,367.5,365.625,365.0,374.5,384.0,393.0
2016-11-17 13:30:00,212.0,577,365.0,36.741767764298096,13.5,3,0,0,364.0,363.0,367.0,364.75,374.5,384.0,393.0,402.0
2016-11-17 13:45:00,202.5,577,374.5,35.09532062391681,13.75,3,0,0,365.0,364.0,365.0,364.25,384.0,393.0,402.0,427.0
2016-11-17 14:00:00,193.0,577,384.0,33.44887348353553,14.0,3,0,0,374.5,365.0,363.0,366.625,393.0,402.0,427.0,431.66666666666663
2016-11-17 14:15:00,184.0,577,393.0,31.88908145580589,14.25,3,0,0,384.0,374.5,364.0,371.875,402.0,427.0,431.66666666666663,436.33333333333337
2016-11-17 14:30:00,175.0,577,402.0,30.329289428076255,14.5,3,0,0,393.0,384.0,365.0,379.125,427.0,431.66666666666663,436.33333333333337,441.0
2016-11-17 14:45:00,150.0,577,427.0,25.99653379549394,14.75,3,0,0,402.0,393.0,374.5,388.375,431.66666666666663,436.33333333333337,441.0,447.0
2016-11-17 15:00:00,145.33333333333334,577,431.66666666666663,25.18775274407857,15.0,3,0,0,427.0,402.0,384.0,401.5,436.33333333333337,441.0,447.0,452.3333333333333
2016-11-17 15:15:00,140.66666666666666,577,436.33333333333337,24.3789716926632,15.25,3,0,0,431.66666666666663,427.0,393.0,413.41666666666663,441.0,447.0,452.3333333333333,457.6666666666667
2016-11-17 15:30:00,136.0,577,441.0,23.570190641247834,15.5,3,0,0,436.33333333333337,431.66666666666663,402.0,424.25,447.0,452.3333333333333,457.6666666666667,463.0
2016-11-17 15:45:00,130.0,577,447.0,22.530329289428074,15.75,3,0,0,441.0,436.33333333333337,427.0,434.0,452.3333333333333,457.6666666666667,463.0,464.2741935483871
2016-11-17 16:00:00,124.66666666666667,577,452.3333333333333,21.606008087810515,16.0,3,0,0,447.0,441.0,431.66666666666663,439.0,457.6666666666667,463.0,464.2741935483871,465.5483870967742
2016-11-18 10:15:00,157.0,577,420.0,27.209705372616984,10.25,4,0,0,460.0,474.6666666666667,504.0,482.0,407.66666666666663,395.33333333333337,383.0,381.5
2016-11-18 10:30:00,169.33333333333334,577,407.66666666666663,29.347198151357603,10.5,4,0,0,420.0,460.0,489.3333333333333,461.0,395.33333333333337,383.0,381.5,380.0
2016-11-18 10:45:00,181.66666666666666,577,395.33333333333337,31.484690930098207,10.75,4,0,0,407.66666666666663,420.0,474.6666666666667,440.58333333333337,383.0,381.5,380.0,376.0
2016-11-18 11:00:00,194.0,577,383.0,33.62218370883882,11.0,4,0,0,395.33333333333337,407.66666666666663,460.0,420.75,381.5,380.0,376.0,372.0
2016-11-18 11:15:00,195.5,577,381.5,33.882149046793764,11.25,4,0,0,383.0,395.33333333333337,420.0,401.5,380.0,376.0,372.0,384.0
2016-11-18 11:30:00,197.0,577,380.0,34.1421143847487,11.5,4,0,0,381.5,383.0,407.66666666666663,391.875,376.0,372.0,384.0,381.33333333333337
2016-11-18 11:45:00,201.0,577,376.0,34.835355285961874,11.75,4,0,0,380.0,381.5,395.33333333333337,384.95833333333337,372.0,384.0,381.33333333333337,378.66666666666663
2016-11-18 12:00:00,205.0,577,372.0,35.52859618717504,12.0,4,0,0,376.0,380.0,383.0,380.125,384.0,381.33333333333337,378.66666666666663,376.0
2016-11-18 12:15:00,193.0,577,384.0,33.44887348353553,12.25,4,0,0,372.0,376.0,381.5,377.375,381.33333333333337,378.66666666666663,376.0,368.0
2016-11-18 12:30:00,195.66666666666666,577,381.33333333333337,33.91103408434431,12.5,4,0,0,384.0,372.0,380.0,378.0,378.66666666666663,376.0,368.0,360.0
2016-11-18 12:45:00,198.33333333333334,577,378.66666666666663,34.37319468515309,12.75,4,0,0,381.33333333333337,384.0,376.0,378.33333333333337,376.0,368.0,360.0,362.0
2016-11-18 13:00:00,201.0,577,376.0,34.835355285961874,13.0,4,0,0,378.66666666666663,381.33333333333337,372.0,379.0,368.0,360.0,362.0,364.0
2016-11-18 13:15:00,209.0,577,368.0,36.22183708838821,13.25,4,0,0,376.0,378.66666666666663,384.0,380.0,360.0,362.0,364.0,381.0
2016-11-18 13:30:00,217.0,577,360.0,37.60831889081456,13.5,4,0,0,368.0,376.0,381.33333333333337,376.0,362.0,364.0,381.0,390.33333333333337
2016-11-18 13:45:00,215.0,577,362.0,37.26169844020797,13.75,4,0,0,360.0,368.0,378.66666666666663,370.66666666666663,364.0,381.0,390.33333333333337,399.66666666666663
2016-11-18 14:00:00,213.0,577,364.0,36.915077989601386,14.0,4,0,0,362.0,360.0,376.0,366.5,381.0,390.33333333333337,399.66666666666663,409.0
2016-11-18 14:15:00,196.0,577,381.0,33.96880415944541,14.25,4,0,0,364.0,362.0,368.0,363.5,390.33333333333337,399.66666666666663,409.0,413.0
2016-11-18 14:30:00,186.66666666666666,577,390.33333333333337,32.35124205661467,14.5,4,0,0,381.0,364.0,360.0,366.75,399.66666666666663,409.0,413.0,416.33333333333337
2016-11-18 14:45:00,177.33333333333334,577,399.66666666666663,30.733679953783945,14.75,4,0,0,390.33333333333337,381.0,362.0,374.33333333333337,409.0,413.0,416.33333333333337,419.66666666666663
2016-11-18 15:00:00,168.0,577,409.0,29.116117850953206,15.0,4,0,0,399.66666666666663,390.33333333333337,364.0,383.75,413.0,416.33333333333337,419.66666666666663,423.0
2016-11-18 15:15:00,164.0,577,413.0,28.422876949740033,15.25,4,0,0,409.0,399.66666666666663,381.0,395.0,416.33333333333337,419.66666666666663,423.0,437.0
2016-11-18 15:30:00,160.66666666666666,577,416.33333333333337,27.845176198729053,15.5,4,0,0,413.0,409.0,390.33333333333337,403.0,419.66666666666663,423.0,437.0,438.7903225806451
2016-11-18 15:45:00,157.33333333333334,577,419.66666666666663,27.26747544771808,15.75,4,0,0,416.33333333333337,413.0,399.66666666666663,409.5,423.0,437.0,438.7903225806451,440.58064516129036
2016-11-19 08:45:00,51.0,577,526.0,8.838821490467938,8.75,5,1,1,543.0,544.6666666666666,548.0,545.5,509.0,492.0,475.0,450.0
2016-11-19 09:00:00,68.0,577,509.0,11.785095320623917,9.0,5,1,1,526.0,543.0,546.3333333333334,540.0,492.0,475.0,450.0,425.0
2016-11-19 09:15:00,85.0,577,492.0,14.731369150779896,9.25,5,1,1,509.0,526.0,544.6666666666666,530.6666666666666,475.0,450.0,425.0,403.0
2016-11-19 09:30:00,102.0,577,475.0,17.677642980935875,9.5,5,1,1,492.0,509.0,543.0,517.5,450.0,425.0,403.0,381.0
2016-11-19 09:45:00,127.0,577,450.0,22.0103986135182,9.75,5,1,1,475.0,492.0,526.0,500.5,425.0,403.0,381.0,342.0
2016-11-19 10:00:00,152.0,577,425.0,26.343154246100518,10.0,5,1,1,450.0,475.0,509.0,481.5,403.0,381.0,342.0,330.66666666666663
2016-11-19 10:15:00,174.0,577,403.0,30.155979202772965,10.25,5,1,0,425.0,450.0,492.0,460.5,381.0,342.0,330.66666666666663,319.3333333333333
2016-11-19 10:30:00,196.0,577,381.0,33.96880415944541,10.5,5,1,0,403.0,425.0,475.0,438.25,342.0,330.66666666666663,319.3333333333333,308.0
2016-11-19 10:45:00,235.0,577,342.0,40.72790294627383,10.75,5,1,0,381.0,403.0,450.0,414.75,330.66666666666663,319.3333333333333,308.0,296.0
2016-11-19 11:00:00,246.33333333333334,577,330.66666666666663,42.692085499711155,11.0,5,1,0,342.0,381.0,425.0,387.75,319.3333333333333,308.0,296.0,284.0
2016-11-19 11:15:00,257.6666666666667,577,319.3333333333333,44.65626805314847,11.25,5,1,0,330.66666666666663,342.0,403.0,364.16666666666663,308.0,296.0,284.0,260.5
2016-11-19 11:30:00,269.0,577,308.0,46.62045060658579,11.5,5,1,0,319.3333333333333,330.66666666666663,381.0,343.25,296.0,284.0,260.5,237.0
2016-11-19 11:45:00,281.0,577,296.0,48.7001733102253,11.75,5,1,0,308.0,319.3333333333333,342.0,325.0,284.0,260.5,237.0,207.0
2016-11-19 12:00:00,293.0,577,284.0,50.77989601386482,12.0,5,1,0,296.0,308.0,330.66666666666663,313.5,260.5,237.0,207.0,177.0
2016-11-19 12:15:00,316.5,577,260.5,54.8526863084922,12.25,5,1,0,284.0,296.0,319.3333333333333,301.8333333333333,237.0,207.0,177.0,162.5
2016-11-19 12:30:00,340.0,577,237.0,58.925476603119584,12.5,5,1,0,260.5,284.0,308.0,287.125,207.0,177.0,162.5,148.0
2016-11-19 12:45:00,370.0,577,207.0,64.12478336221838,12.75,5,1,0,237.0,260.5,296.0,269.375,177.0,162.5,148.0,116.5
2016-11-19 13:00:00,400.0,577,177.0,69.32409012131716,13.0,5,1,0,207.0,237.0,284.0,247.125,162.5,148.0,116.5,85.0
2016-11-19 13:15:00,414.5,577,162.5,71.83708838821491,13.25,5,1,0,177.0,207.0,260.5,220.375,148.0,116.5,85.0,94.5
2016-11-19 13:30:00,429.0,577,148.0,74.35008665511266,13.5,5,1,0,162.5,177.0,237.0,195.875,116.5,85.0,94.5,104.0
2016-11-19 13:45:00,460.5,577,116.5,79.80935875216637,13.75,5,1,0,148.0,162.5,207.0,173.625,85.0,94.5,104.0,99.5
2016-11-19 14:00:00,492.0,577,85.0,85.2686308492201,14.0,5,1,0,116.5,148.0,177.0,151.0,94.5,104.0,99.5,95.0
2016-11-19 14:15:00,482.5,577,94.5,83.62218370883883,14.25,5,1,0,85.0,116.5,162.5,128.0,104.0,99.5,95.0,91.5
2016-11-19 14:30:00,473.0,577,104.0,81.97573656845753,14.5,5,1,0,94.5,85.0,148.0,111.0,99.5,95.0,91.5,88.0
2016-11-19 14:45:00,477.5,577,99.5,82.75563258232236,14.75,5,1,0,104.0,94.5,116.5,100.0,95.0,91.5,88.0,106.5
2016-11-19 15:00:00,482.0,577,95.0,83.53552859618716,15.0,5,1,0,99.5,104.0,85.0,95.75,91.5,88.0,106.5,125.0
2016-11-19 15:15:00,485.5,577,91.5,84.1421143847487,15.25,5,1,0,95.0,99.5,94.5,98.25,88.0,106.5,125.0,135.5
2016-11-19 15:30:00,489.0,577,88.0,84.74870017331023,15.5,5,1,0,91.5,95.0,104.0,97.5,106.5,125.0,135.5,146.0
2016-11-19 15:45:00,470.5,577,106.5,81.5424610051993,15.75,5,1,0,88.0,91.5,99.5,93.5,125.0,135.5,146.0,152.6290322580645
2016-11-19 16:00:00,452.0,577,125.0,78.33622183708839,16.0,5,1,0,106.5,88.0,95.0,95.25,135.5,146.0,152.6290322580645,159.25806451612902
2016-11-20 09:00:00,21.0,577,556.0,3.6395147313691507,9.0,6,1,1,555.6666666666666,555.3333333333334,557.0,555.75,553.0,551.6666666666666,550.3333333333334,549.0
2016-11-20 09:15:00,24.0,577,553.0,4.15944540727903,9.25,6,1,1,556.0,555.6666666666666,555.0,555.5,551.6666666666666,550.3333333333334,549.0,533.0
2016-11-20 09:30:00,25.333333333333332,577,551.6666666666666,4.39052570768342,9.5,6,1,1,553.0,556.0,555.3333333333334,555.0,550.3333333333334,549.0,533.0,516.0
2016-11-20 09:45:00,26.666666666666668,577,550.3333333333334,4.62160600808781,9.75,6,1,1,551.6666666666666,553.0,555.6666666666666,554.0833333333333,549.0,533.0,516.0,499.0
2016-11-20 10:00:00,28.0,577,549.0,4.852686308492201,10.0,6,1,1,550.3333333333334,551.6666666666666,556.0,552.75,533.0,516.0,499.0,482.0
2016-11-20 10:15:00,44.0,577,533.0,7.625649913344887,10.25,6,1,0,549.0,550.3333333333334,553.0,551.0,516.0,499.0,482.0,449.0
2016-11-20 10:30:00,61.0,577,516.0,10.571923743500866,10.5,6,1,0,533.0,549.0,551.6666666666666,546.0,499.0,482.0,449.0,437.33333333333337
2016-11-20 10:45:00,78.0,577,499.0,13.518197573656845,10.75,6,1,0,516.0,533.0,550.3333333333334,537.0833333333334,482.0,449.0,437.33333333333337,425.66666666666663
2016-11-20 11:00:00,95.0,577,482.0,16.464471403812826,11.0,6,1,0,499.0,516.0,549.0,524.25,449.0,437.33333333333337,425.66666666666663,414.0
2016-11-20 11:15:00,128.0,577,449.0,22.183708838821488,11.25,6,1,0,482.0,499.0,533.0,507.5,437.33333333333337,425.66666666666663,414.0,398.5
2016-11-20 11:30:00,139.66666666666666,577,437.33333333333337,24.205661467359906,11.5,6,1,0,449.0,482.0,516.0,486.5,425.66666666666663,414.0,398.5,383.0
2016-11-20 11:45:00,151.33333333333334,577,425.66666666666663,26.22761409589833,11.75,6,1,0,437.33333333333337,449.0,499.0,466.83333333333337,414.0,398.5,383.0,357.0
2016-11-20 12:00:00,163.0,577,414.0,28.249566724436743,12.0,6,1,0,425.66666666666663,437.33333333333337,482.0,448.5,398.5,383.0,357.0,331.0
2016-11-20 12:15:00,178.5,577,398.5,30.935875216637783,12.25,6,1,0,414.0,425.66666666666663,449.0,431.5,383.0,357.0,331.0,309.0
2016-11-20 12:30:00,194.0,577,383.0,33.62218370883882,12.5,6,1,0,398.5,414.0,437.33333333333337,418.875,357.0,331.0,309.0,296.0
2016-11-20 12:45:00,220.0,577,357.0,38.128249566724435,12.75,6,1,0,383.0,398.5,425.66666666666663,405.29166666666663,331.0,309.0,296.0,283.0
2016-11-20 13:00:00,246.0,577,331.0,42.63431542461005,13.0,6,1,0,357.0,383.0,414.0,388.125,309.0,296.0,283.0,270.0
2016-11-20 13:15:00,268.0,577,309.0,46.447140381282495,13.25,6,1,0,331.0,357.0,398.5,367.375,296.0,283.0,270.0,268.0
2016-11-20 13:30:00,281.0,577,296.0,48.7001733102253,13.5,6,1,0,309.0,331.0,383.0,345.0,283.0,270.0,268.0,274.3333333333333
2016-11-20 13:45:00,294.0,577,283.0,50.95320623916811,13.75,6,1,0,296.0,309.0,357.0,323.25,270.0,268.0,274.3333333333333,280.6666666666667
2016-11-20 14:00:00,307.0,577,270.0,53.20623916811091,14.0,6,1,0,283.0,296.0,331.0,304.75,268.0,274.3333333333333,280.6666666666667,287.0
2016-11-20 14:15:00,309.0,577,268.0,53.552859618717505,14.25,6,1,0,270.0,283.0,309.0,289.5,274.3333333333333,280.6666666666667,287.0,301.0
2016-11-20 14:30:00,302.6666666666667,577,274.3333333333333,52.45522819179666,14.5,6,1,0,268.0,270.0,296.0,279.25,280.6666666666667,287.0,301.0,316.0
2016-11-20 14:45:00,296.3333333333333,577,280.6666666666667,51.357596764875794,14.75,6,1,0,274.3333333333333,268.0,283.0,273.8333333333333,287.0,301.0,316.0,331.0
2016-11-20 15:00:00,290.0,577,287.0,50.25996533795494,15.0,6,1,0,280.6666666666667,274.3333333333333,270.0,273.25,301.0,316.0,331.0,346.0
2016-11-20 15:15:00,276.0,577,301.0,47.83362218370884,15.25,6,1,0,287.0,280.6666666666667,268.0,277.5,316.0,331.0,346.0,371.5
2016-11-20 15:30:00,261.0,577,316.0,45.233968804159446,15.5,6,1,0,301.0,287.0,274.3333333333333,285.75,331.0,346.0,371.5,397.0
2016-11-20 15:45:00,246.0,577,331.0,42.63431542461005,15.75,6,1,0,316.0,301.0,280.6666666666667,296.1666666666667,346.0,371.5,397.0,399.48387096774195
2016-11-20 16:00:00,231.0,577,346.0,40.03466204506066,16.0,6,1,0,331.0,316.0,287.0,308.75,371.5,397.0,399.48387096774195,401.9677419354839
2016-11-21 09:00:00,39.0,577,538.0,6.759098786828423,9.0,0,0,1,541.5,545.0,551.0,546.375,530.5,523.0,511.0,499.0
2016-11-21 09:15:00,46.5,577,530.5,8.05892547660312,9.25,0,0,1,538.0,541.5,548.0,543.125,523.0,511.0,499.0,492.0
2016-11-21 09:30:00,54.0,577,523.0,9.358752166377817,9.5,0,0,1,530.5,538.0,545.0,538.75,511.0,499.0,492.0,485.0
2016-11-21 09:45:00,66.0,577,511.0,11.438474870017332,9.75,0,0,1,523.0,530.5,541.5,533.25,499.0,492.0,485.0,481.5
2016-11-21 10:00:00,78.0,577,499.0,13.518197573656845,10.0,0,0,1,511.0,523.0,538.0,525.625,492.0,485.0,481.5,478.0
2016-11-21 10:15:00,85.0,577,492.0,14.731369150779896,10.25,0,0,0,499.0,511.0,530.5,515.875,485.0,481.5,478.0,470.0
2016-11-21 10:30:00,92.0,577,485.0,15.944540727902945,10.5,0,0,0,492.0,499.0,523.0,506.25,481.5,478.0,470.0,462.0
2016-11-21 10:45:00,95.5,577,481.5,16.55112651646447,10.75,0,0,0,485.0,492.0,511.0,496.75,478.0,470.0,462.0,455.0
2016-11-21 11:00:00,99.0,577,478.0,17.157712305025996,11.0,0,0,0,481.5,485.0,499.0,489.375,470.0,462.0,455.0,450.3333333333333
2016-11-21 11:15:00,107.0,577,470.0,18.544194107452338,11.25,0,0,0,478.0,481.5,492.0,484.125,462.0,455.0,450.3333333333333,445.66666666666663
2016-11-21 11:30:00,115.0,577,462.0,19.930675909878683,11.5,0,0,0,470.0,478.0,485.0,478.625,455.0,450.3333333333333,445.66666666666663,441.0
2016-11-21 11:45:00,122.0,577,455.0,21.143847487001732,11.75,0,0,0,462.0,470.0,481.5,472.875,450.3333333333333,445.66666666666663,441.0,431.0
2016-11-21 12:00:00,126.66666666666667,577,450.3333333333333,21.952628538417102,12.0,0,0,0,455.0,462.0,478.0,466.25,445.66666666666663,441.0,431.0,430.66666666666663
2016-11-21 12:15:00,131.33333333333334,577,445.66666666666663,22.761409589832468,12.25,0,0,0,450.3333333333333,455.0,470.0,459.3333333333333,441.0,431.0,430.66666666666663,430.33333333333337
2016-11-21 12:30:00,136.0,577,441.0,23.570190641247834,12.5,0,0,0,445.66666666666663,450.3333333333333,462.0,453.25,431.0,430.66666666666663,430.33333333333337,430.0
2016-11-21 12:45:00,146.0,577,431.0,25.30329289428076,12.75,0,0,0,441.0,445.66666666666663,455.0,448.0,430.66666666666663,430.33333333333337,430.0,434.5
2016-11-21 13:00:00,146.33333333333334,577,430.66666666666663,25.361062969381866,13.0,0,0,0,431.0,441.0,450.3333333333333,442.0,430.33333333333337,430.0,434.5,439.0
2016-11-21 13:15:00,146.66666666666666,577,430.33333333333337,25.41883304448296,13.25,0,0,0,430.66666666666663,431.0,445.66666666666663,437.0833333333333,430.0,434.5,439.0,448.5
2016-11-21 13:30:00,147.0,577,430.0,25.476603119584055,13.5,0,0,0,430.33333333333337,430.66666666666663,441.0,433.25,434.5,439.0,448.5,458.0
2016-11-21 13:45:00,142.5,577,434.5,24.696707105719238,13.75,0,0,0,430.0,430.33333333333337,431.0,430.5,439.0,448.5,458.0,466.0
2016-11-21 14:00:00,138.0,577,439.0,23.91681109185442,14.0,0,0,0,434.5,430.0,430.66666666666663,431.375,448.5,458.0,466.0,470.3333333333333
2016-11-21 14:15:00,128.5,577,448.5,22.270363951473136,14.25,0,0,0,439.0,434.5,430.33333333333337,433.45833333333337,458.0,466.0,470.3333333333333,474.6666666666667
2016-11-21 14:30:00,119.0,577,458.0,20.623916811091856,14.5,0,0,0,448.5,439.0,430.0,438.0,466.0,470.3333333333333,474.6666666666667,479.0
2016-11-21 14:45:00,111.0,577,466.0,19.23743500866551,14.75,0,0,0,458.0,448.5,434.5,445.0,470.3333333333333,474.6666666666667,479.0,484.0
2016-11-21 15:00:00,106.66666666666667,577,470.3333333333333,18.48642403235124,15.0,0,0,0,466.0,458.0,439.0,452.875,474.6666666666667,479.0,484.0,487.3333333333333
2016-11-21 15:15:00,102.33333333333333,577,474.6666666666667,17.735413056036972,15.25,0,0,0,470.3333333333333,466.0,448.5,460.7083333333333,479.0,484.0,487.3333333333333,490.6666666666667
2016-11-21 15:30:00,98.0,577,479.0,16.984402079722706,15.5,0,0,0,474.6666666666667,470.3333333333333,458.0,467.25,484.0,487.3333333333333,490.6666666666667,494.0
2016-11-21 15:45:00,93.0,577,484.0,16.11785095320624,15.75,0,0,0,479.0,474.6666666666667,466.0,472.5,487.3333333333333,490.6666666666667,494.0,494.9672131147541
2016-11-21 16:00:00,89.66666666666667,577,487.3333333333333,15.540150202195264,16.0,0,0,0,484.0,479.0,470.3333333333333,477.0,490.6666666666667,494.0,494.9672131147541,495.9344262295082
2016-11-22 08:45:00,38.5,577,538.5,6.672443674176777,8.75,1,0,1,545.0,547.6666666666666,553.0,549.0,532.0,521.5,511.0,486.0
2016-11-22 09:00:00,45.0,577,532.0,7.798960138648179,9.0,1,0,1,538.5,545.0,550.3333333333334,545.375,521.5,511.0,486.0,461.0
2016-11-22 09:15:00,55.5,577,521.5,9.618717504332755,9.25,1,0,1,532.0,538.5,547.6666666666666,540.7916666666666,511.0,486.0,461.0,442.0
2016-11-22 09:30:00,66.0,577,511.0,11.438474870017332,9.5,1,0,1,521.5,532.0,545.0,534.25,486.0,461.0,442.0,423.0
2016-11-22 09:45:00,91.0,577,486.0,15.771230502599654,9.75,1,0,1,511.0,521.5,538.5,525.75,461.0,442.0,423.0,406.0
2016-11-22 10:00:00,116.0,577,461.0,20.103986135181977,10.0,1,0,1,486.0,511.0,532.0,512.625,442.0,423.0,406.0,389.0
2016-11-22 10:15:00,135.0,577,442.0,23.39688041594454,10.25,1,0,0,461.0,486.0,521.5,494.875,423.0,406.0,389.0,378.5
2016-11-22 10:30:00,154.0,577,423.0,26.689774696707108,10.5,1,0,0,442.0,461.0,511.0,475.0,406.0,389.0,378.5,368.0
2016-11-22 10:45:00,171.0,577,406.0,29.636048526863085,10.75,1,0,0,423.0,442.0,486.0,453.0,389.0,378.5,368.0,358.5
2016-11-22 11:00:00,188.0,577,389.0,32.582322357019066,11.0,1,0,0,406.0,423.0,461.0,433.0,378.5,368.0,358.5,349.0
2016-11-22 11:15:00,198.5,577,378.5,34.40207972270364,11.25,1,0,0,389.0,406.0,442.0,415.0,368.0,358.5,349.0,347.0
2016-11-22 11:30:00,209.0,577,368.0,36.22183708838821,11.5,1,0,0,378.5,389.0,423.0,399.125,358.5,349.0,347.0,345.0
2016-11-22 11:45:00,218.5,577,358.5,37.8682842287695,11.75,1,0,0,368.0,378.5,406.0,385.375,349.0,347.0,345.0,343.0
2016-11-22 12:00:00,228.0,577,349.0,39.51473136915078,12.0,1,0,0,358.5,368.0,389.0,373.5,347.0,345.0,343.0,343.0
2016-11-22 12:15:00,230.0,577,347.0,39.86135181975737,12.25,1,0,0,349.0,358.5,378.5,363.5,345.0,343.0,343.0,343.0
2016-11-22 12:30:00,232.0,577,345.0,40.20797227036395,12.5,1,0,0,347.0,349.0,368.0,355.625,343.0,343.0,343.0,343.0
2016-11-22 12:45:00,234.0,577,343.0,40.55459272097054,12.75,1,0,0,345.0,347.0,358.5,349.875,343.0,343.0,343.0,350.0
2016-11-22 13:00:00,234.0,577,343.0,40.55459272097054,13.0,1,0,0,343.0,345.0,349.0,346.0,343.0,343.0,350.0,357.33333333333337
2016-11-22 13:15:00,234.0,577,343.0,40.55459272097054,13.25,1,0,0,343.0,343.0,347.0,344.5,343.0,350.0,357.33333333333337,364.66666666666663
2016-11-22 13:30:00,234.0,577,343.0,40.55459272097054,13.5,1,0,0,343.0,343.0,345.0,343.5,350.0,357.33333333333337,364.66666666666663,372.0
2016-11-22 13:45:00,227.0,577,350.0,39.34142114384749,13.75,1,0,0,343.0,343.0,343.0,343.0,357.33333333333337,364.66666666666663,372.0,402.0
2016-11-22 14:00:00,219.66666666666666,577,357.33333333333337,38.07047949162334,14.0,1,0,0,350.0,343.0,343.0,344.75,364.66666666666663,372.0,402.0,407.0
2016-11-22 14:15:00,212.33333333333334,577,364.66666666666663,36.79953783939919,14.25,1,0,0,357.33333333333337,350.0,343.0,348.33333333333337,372.0,402.0,407.0,412.0
2016-11-22 14:30:00,205.0,577,372.0,35.52859618717504,14.5,1,0,0,364.66666666666663,357.33333333333337,343.0,353.75,402.0,407.0,412.0,417.0
2016-11-22 14:45:00,175.0,577,402.0,30.329289428076255,14.75,1,0,0,372.0,364.66666666666663,350.0,361.0,407.0,412.0,417.0,440.0
2016-11-22 15:00:00,170.0,577,407.0,29.462738301559792,15.0,1,0,0,402.0,372.0,357.33333333333337,374.0,412.0,417.0,440.0,445.0
2016-11-22 15:15:00,165.0,577,412.0,28.596187175043326,15.25,1,0,0,407.0,402.0,364.66666666666663,386.41666666666663,417.0,440.0,445.0,450.0
2016-11-22 15:30:00,160.0,577,417.0,27.729636048526864,15.5,1,0,0,412.0,407.0,372.0,398.25,440.0,445.0,450.0,455.0
2016-11-22 15:45:00,137.0,577,440.0,23.743500866551127,15.75,1,0,0,417.0,412.0,402.0,409.5,445.0,450.0,455.0,456.51612903225805
2016-11-22 16:00:00,132.0,577,445.0,22.876949740034664,16.0,1,0,0,440.0,417.0,407.0,419.0,450.0,455.0,456.51612903225805,458.0322580645161
2016-11-23 09:00:00,38.333333333333336,577,538.6666666666666,6.643558636626228,9.0,2,0,1,543.0,548.0,549.0,547.125,534.3333333333334,530.0,517.5,505.0
2016-11-23 09:15:00,42.666666666666664,577,534.3333333333334,7.394569612940496,9.25,2,0,1,538.6666666666666,543.0,548.5,544.5416666666666,530.0,517.5,505.0,491.0
2016-11-23 09:30:00,47.0,577,530.0,8.145580589254767,9.5,2,0,1,534.3333333333334,538.6666666666666,548.0,541.0,517.5,505.0,491.0,477.0
2016-11-23 09:45:00,59.5,577,517.5,10.311958405545928,9.75,2,0,1,530.0,534.3333333333334,543.0,536.5,505.0,491.0,477.0,463.0
2016-11-23 10:00:00,72.0,577,505.0,12.478336221837088,10.0,2,0,1,517.5,530.0,538.6666666666666,530.125,491.0,477.0,463.0,449.0
2016-11-23 10:15:00,86.0,577,491.0,14.904679376083187,10.25,2,0,0,505.0,517.5,534.3333333333334,521.7083333333334,477.0,463.0,449.0,437.0
2016-11-23 10:30:00,100.0,577,477.0,17.33102253032929,10.5,2,0,0,491.0,505.0,530.0,510.875,463.0,449.0,437.0,425.0
2016-11-23 10:45:00,114.0,577,463.0,19.75736568457539,10.75,2,0,0,477.0,491.0,517.5,497.625,449.0,437.0,425.0,411.0
2016-11-23 11:00:00,128.0,577,449.0,22.183708838821488,11.0,2,0,0,463.0,477.0,505.0,484.0,437.0,425.0,411.0,407.33333333333337
2016-11-23 11:15:00,140.0,577,437.0,24.263431542461007,11.25,2,0,0,449.0,463.0,491.0,470.0,425.0,411.0,407.33333333333337,403.66666666666663
2016-11-23 11:30:00,152.0,577,425.0,26.343154246100518,11.5,2,0,0,437.0,449.0,477.0,456.5,411.0,407.33333333333337,403.66666666666663,400.0
2016-11-23 11:45:00,166.0,577,411.0,28.769497400346623,11.75,2,0,0,425.0,437.0,463.0,443.5,407.33333333333337,403.66666666666663,400.0,395.0
2016-11-23 12:00:00,169.66666666666666,577,407.33333333333337,29.404968226458696,12.0,2,0,0,411.0,425.0,449.0,430.5,403.66666666666663,400.0,395.0,390.0
2016-11-23 12:15:00,173.33333333333334,577,403.66666666666663,30.040439052570772,12.25,2,0,0,407.33333333333337,411.0,437.0,420.08333333333337,400.0,395.0,390.0,393.0
2016-11-23 12:30:00,177.0,577,400.0,30.675909878682845,12.5,2,0,0,403.66666666666663,407.33333333333337,425.0,411.75,395.0,390.0,393.0,396.0
2016-11-23 12:45:00,182.0,577,395.0,31.542461005199307,12.75,2,0,0,400.0,403.66666666666663,411.0,405.5,390.0,393.0,396.0,400.0
2016-11-23 13:00:00,187.0,577,390.0,32.40901213171577,13.0,2,0,0,395.0,400.0,407.33333333333337,401.5,393.0,396.0,400.0,409.0
2016-11-23 13:15:00,184.0,577,393.0,31.88908145580589,13.25,2,0,0,390.0,395.0,403.66666666666663,397.16666666666663,396.0,400.0,409.0,418.0
2016-11-23 13:30:00,181.0,577,396.0,31.369150779896017,13.5,2,0,0,393.0,390.0,400.0,394.5,400.0,409.0,418.0,427.0
2016-11-23 13:45:00,177.0,577,400.0,30.675909878682845,13.75,2,0,0,396.0,393.0,395.0,393.5,409.0,418.0,427.0,439.0
2016-11-23 14:00:00,168.0,577,409.0,29.116117850953206,14.0,2,0,0,400.0,396.0,390.0,394.75,418.0,427.0,439.0,451.0
2016-11-23 14:15:00,159.0,577,418.0,27.55632582322357,14.25,2,0,0,409.0,400.0,393.0,399.5,427.0,439.0,451.0,454.5
2016-11-23 14:30:00,150.0,577,427.0,25.99653379549394,14.5,2,0,0,418.0,409.0,396.0,405.75,439.0,451.0,454.5,458.0
2016-11-23 14:45:00,138.0,577,439.0,23.91681109185442,14.75,2,0,0,427.0,418.0,400.0,413.5,451.0,454.5,458.0,466.5
2016-11-23 15:00:00,126.0,577,451.0,21.837088388214905,15.0,2,0,0,439.0,427.0,409.0,423.25,454.5,458.0,466.5,475.0
2016-11-23 15:15:00,122.5,577,454.5,21.23050259965338,15.25,2,0,0,451.0,439.0,418.0,433.75,458.0,466.5,475.0,480.0
2016-11-23 15:30:00,119.0,577,458.0,20.623916811091856,15.5,2,0,0,454.5,451.0,427.0,442.875,466.5,475.0,480.0,485.0
2016-11-23 15:45:00,110.5,577,466.5,19.150779896013866,15.75,2,0,0,458.0,454.5,439.0,450.625,475.0,480.0,485.0,485.9677419354839
2016-11-23 16:00:00,102.0,577,475.0,17.677642980935875,16.0,2,0,0,466.5,458.0,451.0,457.5,480.0,485.0,485.9677419354839,486.93548387096774
2016-11-24 09:00:00,52.0,577,525.0,9.01213171577123,9.0,3,0,1,531.0,537.0,545.0,539.0,510.5,496.0,481.5,467.0
2016-11-24 09:15:00,66.5,577,510.5,11.525129982668977,9.25,3,0,1,525.0,531.0,543.0,534.0,496.0,481.5,467.0,446.0
2016-11-24 09:30:00,81.0,577,496.0,14.038128249566725,9.5,3,0,1,510.5,525.0,537.0,525.875,481.5,467.0,446.0,434.0
2016-11-24 09:45:00,95.5,577,481.5,16.55112651646447,9.75,3,0,1,496.0,510.5,531.0,515.625,467.0,446.0,434.0,422.0
2016-11-24 10:00:00,110.0,577,467.0,19.064124783362217,10.0,3,0,1,481.5,496.0,525.0,503.25,446.0,434.0,422.0,410.0
2016-11-24 10:15:00,131.0,577,446.0,22.703639514731368,10.25,3,0,0,467.0,481.5,510.5,488.75,434.0,422.0,410.0,390.0
2016-11-24 10:30:00,143.0,577,434.0,24.783362218370883,10.5,3,0,0,446.0,467.0,496.0,472.625,422.0,410.0,390.0,385.66666666666663
2016-11-24 10:45:00,155.0,577,422.0,26.8630849220104,10.75,3,0,0,434.0,446.0,481.5,457.125,410.0,390.0,385.66666666666663,381.33333333333337
2016-11-24 11:00:00,167.0,577,410.0,28.942807625649912,11.0,3,0,0,422.0,434.0,467.0,442.25,390.0,385.66666666666663,381.33333333333337,377.0
2016-11-24 11:15:00,187.0,577,390.0,32.40901213171577,11.25,3,0,0,410.0,422.0,446.0,428.0,385.66666666666663,381.33333333333337,377.0,371.5
2016-11-24 11:30:00,191.33333333333334,577,385.66666666666663,33.16002310803004,11.5,3,0,0,390.0,410.0,434.0,414.0,381.33333333333337,377.0,371.5,366.0
2016-11-24 11:45:00,195.66666666666666,577,381.33333333333337,33.91103408434431,11.75,3,0,0,385.66666666666663,390.0,422.0,401.91666666666663,377.0,371.5,366.0,356.5
2016-11-24 12:00:00,200.0,577,377.0,34.66204506065858,12.0,3,0,0,381.33333333333337,385.66666666666663,410.0,391.75,371.5,366.0,356.5,347.0
2016-11-24 12:15:00,205.5,577,371.5,35.61525129982669,12.25,3,0,0,377.0,381.33333333333337,390.0,383.5,366.0,356.5,347.0,352.5
2016-11-24 12:30:00,211.0,577,366.0,36.56845753899481,12.5,3,0,0,371.5,377.0,385.66666666666663,378.875,356.5,347.0,352.5,358.0
2016-11-24 12:45:00,220.5,577,356.5,38.21490467937608,12.75,3,0,0,366.0,371.5,381.33333333333337,373.95833333333337,347.0,352.5,358.0,363.0
2016-11-24 13:00:00,230.0,577,347.0,39.86135181975737,13.0,3,0,0,356.5,366.0,377.0,367.75,352.5,358.0,363.0,369.66666666666663
2016-11-24 13:15:00,224.5,577,352.5,38.908145580589256,13.25,3,0,0,347.0,356.5,371.5,360.25,358.0,363.0,369.66666666666663,376.33333333333337
2016-11-24 13:30:00,219.0,577,358.0,37.954939341421145,13.5,3,0,0,352.5,347.0,366.0,355.5,363.0,369.66666666666663,376.33333333333337,383.0
2016-11-24 13:45:00,214.0,577,363.0,37.088388214904676,13.75,3,0,0,358.0,352.5,356.5,353.5,369.66666666666663,376.33333333333337,383.0,401.0
2016-11-24 14:00:00,207.33333333333334,577,369.66666666666663,35.93298671288273,14.0,3,0,0,363.0,358.0,347.0,355.125,376.33333333333337,383.0,401.0,407.33333333333337
2016-11-24 14:15:00,200.66666666666666,577,376.33333333333337,34.77758521086077,14.25,3,0,0,369.66666666666663,363.0,352.5,360.79166666666663,383.0,401.0,407.33333333333337,413.66666666666663
2016-11-24 14:30:00,194.0,577,383.0,33.62218370883882,14.5,3,0,0,376.33333333333337,369.66666666666663,358.0,366.75,401.0,407.33333333333337,413.66666666666663,420.0
2016-11-24 14:45:00,176.0,577,401.0,30.502599653379548,14.75,3,0,0,383.0,376.33333333333337,363.0,373.0,407.33333333333337,413.66666666666663,420.0,430.0
2016-11-24 15:00:00,169.66666666666666,577,407.33333333333337,29.404968226458696,15.0,3,0,0,401.0,383.0,369.66666666666663,382.5,413.66666666666663,420.0,430.0,434.33333333333337
2016-11-24 15:15:00,163.33333333333334,577,413.66666666666663,28.30733679953784,15.25,3,0,0,407.33333333333337,401.0,376.33333333333337,391.91666666666674,420.0,430.0,434.33333333333337,438.66666666666663
2016-11-24 15:30:00,157.0,577,420.0,27.209705372616984,15.5,3,0,0,413.66666666666663,407.33333333333337,383.0,401.25,430.0,434.33333333333337,438.66666666666663,443.0
2016-11-24 15:45:00,147.0,577,430.0,25.476603119584055,15.75,3,0,0,420.0,413.66666666666663,401.0,410.5,434.33333333333337,438.66666666666663,443.0,444.4516129032258
2016-11-24 16:00:00,142.66666666666666,577,434.33333333333337,24.725592143269782,16.0,3,0,0,430.0,420.0,407.33333333333337,417.75,438.66666666666663,443.0,444.4516129032258,445.9032258064516
2016-11-25 10:00:00,222.0,577,355.0,38.47487001733102,10.0,4,0,1,393.6666666666667,432.33333333333337,517.0,453.5,294.0,278.0,262.0,246.0
2016-11-25 10:15:00,283.0,577,294.0,49.04679376083189,10.25,4,0,0,355.0,393.6666666666667,471.0,413.0,278.0,262.0,246.0,207.0
2016-11-25 10:30:00,299.0,577,278.0,51.81975736568457,10.5,4,0,0,294.0,355.0,432.33333333333337,368.75,262.0,246.0,207.0,203.66666666666669
2016-11-25 10:45:00,315.0,577,262.0,54.59272097053726,10.75,4,0,0,278.0,294.0,393.6666666666667,330.16666666666663,246.0,207.0,203.66666666666669,200.33333333333331
2016-11-25 11:00:00,331.0,577,246.0,57.36568457538995,11.0,4,0,0,262.0,278.0,355.0,297.25,207.0,203.66666666666669,200.33333333333331,197.0
2016-11-25 11:15:00,370.0,577,207.0,64.12478336221838,11.25,4,0,0,246.0,262.0,294.0,270.0,203.66666666666669,200.33333333333331,197.0,192.0
2016-11-25 11:30:00,373.3333333333333,577,203.66666666666669,64.70248411322935,11.5,4,0,0,207.0,246.0,278.0,248.25,200.33333333333331,197.0,192.0,187.0
2016-11-25 11:45:00,376.6666666666667,577,200.33333333333331,65.28018486424033,11.75,4,0,0,203.66666666666669,207.0,262.0,229.66666666666669,197.0,192.0,187.0,189.0
2016-11-25 12:00:00,380.0,577,197.0,65.8578856152513,12.0,4,0,0,200.33333333333331,203.66666666666669,246.0,214.25,192.0,187.0,189.0,191.0
2016-11-25 12:15:00,385.0,577,192.0,66.72443674176776,12.25,4,0,0,197.0,200.33333333333331,207.0,202.0,187.0,189.0,191.0,193.0
2016-11-25 12:30:00,390.0,577,187.0,67.59098786828423,12.5,4,0,0,192.0,197.0,203.66666666666669,198.25,189.0,191.0,193.0,202.0
2016-11-25 12:45:00,388.0,577,189.0,67.24436741767764,12.75,4,0,0,187.0,192.0,200.33333333333331,194.08333333333331,191.0,193.0,202.0,211.0
2016-11-25 13:00:00,386.0,577,191.0,66.89774696707106,13.0,4,0,0,189.0,187.0,197.0,191.25,193.0,202.0,211.0,220.0
2016-11-25 13:15:00,384.0,577,193.0,66.55112651646448,13.25,4,0,0,191.0,189.0,192.0,189.75,202.0,211.0,220.0,221.0
2016-11-25 13:30:00,375.0,577,202.0,64.99133448873484,13.5,4,0,0,193.0,191.0,187.0,190.0,211.0,220.0,221.0,222.0
2016-11-25 13:45:00,366.0,577,211.0,63.43154246100519,13.75,4,0,0,202.0,193.0,189.0,193.75,220.0,221.0,222.0,229.0
2016-11-25 14:00:00,357.0,577,220.0,61.871750433275565,14.0,4,0,0,211.0,202.0,191.0,199.25,221.0,222.0,229.0,236.0
2016-11-25 14:15:00,356.0,577,221.0,61.69844020797227,14.25,4,0,0,220.0,211.0,193.0,206.5,222.0,229.0,236.0,244.0
2016-11-25 14:30:00,355.0,577,222.0,61.52512998266898,14.5,4,0,0,221.0,220.0,202.0,213.5,229.0,236.0,244.0,267.0
2016-11-25 14:45:00,348.0,577,229.0,60.31195840554593,14.75,4,0,0,222.0,221.0,211.0,218.5,236.0,244.0,267.0,290.0
2016-11-25 15:00:00,341.0,577,236.0,59.09878682842288,15.0,4,0,0,229.0,222.0,220.0,223.0,244.0,267.0,290.0,313.0
2016-11-25 15:15:00,333.0,577,244.0,57.712305025996535,15.25,4,0,0,236.0,229.0,221.0,227.0,267.0,290.0,313.0,329.0
2016-11-25 15:30:00,310.0,577,267.0,53.7261698440208,15.5,4,0,0,244.0,236.0,222.0,232.75,290.0,313.0,329.0,332.31746031746036
2016-11-25 15:45:00,287.0,577,290.0,49.74003466204506,15.75,4,0,0,267.0,244.0,229.0,244.0,313.0,329.0,332.31746031746036,335.6349206349206
2016-11-26 09:00:00,59.0,577,518.0,10.22530329289428,9.0,5,1,1,524.0,530.0,538.0,532.0,492.0,466.0,441.5,417.0
2016-11-26 09:15:00,85.0,577,492.0,14.731369150779896,9.25,5,1,1,518.0,524.0,536.0,527.0,466.0,441.5,417.0,399.5
2016-11-26 09:30:00,111.0,577,466.0,19.23743500866551,9.5,5,1,1,492.0,518.0,530.0,516.0,441.5,417.0,399.5,382.0
2016-11-26 09:45:00,135.5,577,441.5,23.483535528596185,9.75,5,1,1,466.0,492.0,524.0,500.0,417.0,399.5,382.0,356.0
2016-11-26 10:00:00,160.0,577,417.0,27.729636048526864,10.0,5,1,1,441.5,466.0,518.0,479.375,399.5,382.0,356.0,330.0
2016-11-26 10:15:00,177.5,577,399.5,30.76256499133449,10.25,5,1,0,417.0,441.5,492.0,454.125,382.0,356.0,330.0,279.0
2016-11-26 10:30:00,195.0,577,382.0,33.795493934142115,10.5,5,1,0,399.5,417.0,466.0,431.0,356.0,330.0,279.0,255.66666666666669
2016-11-26 10:45:00,221.0,577,356.0,38.30155979202773,10.75,5,1,0,382.0,399.5,441.5,410.0,330.0,279.0,255.66666666666669,232.33333333333331
2016-11-26 11:00:00,247.0,577,330.0,42.80762564991335,11.0,5,1,0,356.0,382.0,417.0,388.625,279.0,255.66666666666669,232.33333333333331,209.0
2016-11-26 11:15:00,298.0,577,279.0,51.64644714038128,11.25,5,1,0,330.0,356.0,399.5,366.875,255.66666666666669,232.33333333333331,209.0,149.0
2016-11-26 11:30:00,321.3333333333333,577,255.66666666666669,55.690352397458106,11.5,5,1,0,279.0,330.0,382.0,336.75,232.33333333333331,209.0,149.0,128.66666666666669
2016-11-26 11:45:00,344.6666666666667,577,232.33333333333331,59.73425765453495,11.75,5,1,0,255.66666666666669,279.0,356.0,305.1666666666667,209.0,149.0,128.66666666666669,108.33333333333331
2016-11-26 12:00:00,368.0,577,209.0,63.77816291161178,12.0,5,1,0,232.33333333333331,255.66666666666669,330.0,274.25,149.0,128.66666666666669,108.33333333333331,88.0
2016-11-26 12:15:00,428.0,577,149.0,74.17677642980935,12.25,5,1,0,209.0,232.33333333333331,279.0,244.0,128.66666666666669,108.33333333333331,88.0,69.0
2016-11-26 12:30:00,448.3333333333333,577,128.66666666666669,77.7007510109763,12.5,5,1,0,149.0,209.0,255.66666666666669,211.5,108.33333333333331,88.0,69.0,54.66666666666663
2016-11-26 12:45:00,468.6666666666667,577,108.33333333333331,81.22472559214327,12.75,5,1,0,128.66666666666669,149.0,232.33333333333331,179.75,88.0,69.0,54.66666666666663,40.33333333333337
2016-11-26 13:00:00,489.0,577,88.0,84.74870017331023,13.0,5,1,0,108.33333333333331,128.66666666666669,209.0,148.75,69.0,54.66666666666663,40.33333333333337,26.0
2016-11-26 13:15:00,508.0,577,69.0,88.0415944540728,13.25,5,1,0,88.0,108.33333333333331,149.0,118.5,54.66666666666663,40.33333333333337,26.0,15.0
2016-11-26 13:30:00,522.3333333333334,577,54.66666666666663,90.52570768342,13.5,5,1,0,69.0,88.0,128.66666666666669,98.5,40.33333333333337,26.0,15.0,4.0
2016-11-26 13:45:00,536.6666666666666,577,40.33333333333337,93.00982091276718,13.75,5,1,0,54.66666666666663,69.0,108.33333333333331,79.99999999999999,26.0,15.0,4.0,7.0
2016-11-26 14:00:00,551.0,577,26.0,95.49393414211438,14.0,5,1,0,40.33333333333337,54.66666666666663,88.0,63.0,15.0,4.0,7.0,10.0
2016-11-26 14:15:00,562.0,577,15.0,97.4003466204506,14.25,5,1,0,26.0,40.33333333333337,69.0,47.5,4.0,7.0,10.0,26.0
2016-11-26 14:30:00,573.0,577,4.0,99.30675909878683,14.5,5,1,0,15.0,26.0,54.66666666666663,34.0,7.0,10.0,26.0,28.66666666666663
2016-11-26 14:45:00,570.0,577,7.0,98.78682842287695,14.75,5,1,0,4.0,15.0,40.33333333333337,21.333333333333343,10.0,26.0,28.66666666666663,31.33333333333337
2016-11-26 15:00:00,567.0,577,10.0,98.26689774696708,15.0,5,1,0,7.0,4.0,26.0,13.0,26.0,28.66666666666663,31.33333333333337,34.0
2016-11-26 15:15:00,551.0,577,26.0,95.49393414211438,15.25,5,1,0,10.0,7.0,15.0,9.0,28.66666666666663,31.33333333333337,34.0,76.0
2016-11-26 15:30:00,548.3333333333334,577,28.66666666666663,95.03177354130561,15.5,5,1,0,26.0,10.0,4.0,11.75,31.33333333333337,34.0,76.0,83.60317460317458
2016-11-26 15:45:00,545.6666666666666,577,31.33333333333337,94.56961294049681,15.75,5,1,0,28.66666666666663,26.0,7.0,17.916666666666657,34.0,76.0,83.60317460317458,91.20634920634922
2016-11-27 09:00:00,23.0,577,554.0,3.9861351819757362,9.0,6,1,1,554.5,555.0,555.0,554.875,553.5,553.0,547.5,542.0
2016-11-27 09:15:00,23.5,577,553.5,4.072790294627383,9.25,6,1,1,554.0,554.5,555.0,554.625,553.0,547.5,542.0,527.0
2016-11-27 09:30:00,24.0,577,553.0,4.15944540727903,9.5,6,1,1,553.5,554.0,555.0,554.25,547.5,542.0,527.0,512.0
2016-11-27 09:45:00,29.5,577,547.5,5.11265164644714,9.75,6,1,1,553.0,553.5,554.5,553.75,542.0,527.0,512.0,495.5
2016-11-27 10:00:00,35.0,577,542.0,6.065857885615252,10.0,6,1,1,547.5,553.0,554.0,552.0,527.0,512.0,495.5,479.0
2016-11-27 10:15:00,50.0,577,527.0,8.665511265164644,10.25,6,1,0,542.0,547.5,553.5,549.0,512.0,495.5,479.0,454.5
2016-11-27 10:30:00,65.0,577,512.0,11.265164644714037,10.5,6,1,0,527.0,542.0,553.0,542.375,495.5,479.0,454.5,430.0
2016-11-27 10:45:00,81.5,577,495.5,14.124783362218372,10.75,6,1,0,512.0,527.0,547.5,532.125,479.0,454.5,430.0,415.0
2016-11-27 11:00:00,98.0,577,479.0,16.984402079722706,11.0,6,1,0,495.5,512.0,542.0,519.125,454.5,430.0,415.0,400.0
2016-11-27 11:15:00,122.5,577,454.5,21.23050259965338,11.25,6,1,0,479.0,495.5,527.0,503.375,430.0,415.0,400.0,377.0
2016-11-27 11:30:00,147.0,577,430.0,25.476603119584055,11.5,6,1,0,454.5,479.0,512.0,485.25,415.0,400.0,377.0,354.0
2016-11-27 11:45:00,162.0,577,415.0,28.07625649913345,11.75,6,1,0,430.0,454.5,495.5,464.75,400.0,377.0,354.0,336.0
2016-11-27 12:00:00,177.0,577,400.0,30.675909878682845,12.0,6,1,0,415.0,430.0,479.0,444.625,377.0,354.0,336.0,318.0
2016-11-27 12:15:00,200.0,577,377.0,34.66204506065858,12.25,6,1,0,400.0,415.0,454.5,424.875,354.0,336.0,318.0,302.0
2016-11-27 12:30:00,223.0,577,354.0,38.64818024263432,12.5,6,1,0,377.0,400.0,430.0,405.5,336.0,318.0,302.0,286.0
2016-11-27 12:45:00,241.0,577,336.0,41.76776429809358,12.75,6,1,0,354.0,377.0,415.0,386.5,318.0,302.0,286.0,279.5
2016-11-27 13:00:00,259.0,577,318.0,44.88734835355286,13.0,6,1,0,336.0,354.0,400.0,366.75,302.0,286.0,279.5,273.0
2016-11-27 13:15:00,275.0,577,302.0,47.66031195840554,13.25,6,1,0,318.0,336.0,377.0,346.25,286.0,279.5,273.0,275.0
2016-11-27 13:30:00,291.0,577,286.0,50.43327556325823,13.5,6,1,0,302.0,318.0,354.0,327.5,279.5,273.0,275.0,277.0
2016-11-27 13:45:00,297.5,577,279.5,51.559792027729635,13.75,6,1,0,286.0,302.0,336.0,310.5,273.0,275.0,277.0,281.0
2016-11-27 14:00:00,304.0,577,273.0,52.686308492201036,14.0,6,1,0,279.5,286.0,318.0,296.375,275.0,277.0,281.0,285.0
2016-11-27 14:15:00,302.0,577,275.0,52.33968804159446,14.25,6,1,0,273.0,279.5,302.0,285.125,277.0,281.0,285.0,289.5
2016-11-27 14:30:00,300.0,577,277.0,51.99306759098788,14.5,6,1,0,275.0,273.0,286.0,278.375,281.0,285.0,289.5,294.0
2016-11-27 14:45:00,296.0,577,281.0,51.2998266897747,14.75,6,1,0,277.0,275.0,279.5,276.125,285.0,289.5,294.0,315.5
2016-11-27 15:00:00,292.0,577,285.0,50.60658578856152,15.0,6,1,0,281.0,277.0,273.0,276.5,289.5,294.0,315.5,337.0
2016-11-27 15:15:00,287.5,577,289.5,49.82668977469671,15.25,6,1,0,285.0,281.0,275.0,279.5,294.0,315.5,337.0,357.5
2016-11-27 15:30:00,283.0,577,294.0,49.04679376083189,15.5,6,1,0,289.5,285.0,277.0,283.125,315.5,337.0,357.5,378.0
2016-11-27 15:45:00,261.5,577,315.5,45.320623916811094,15.75,6,1,0,294.0,289.5,281.0,287.375,337.0,357.5,378.0,380.88709677419354
2016-11-27 16:00:00,240.0,577,337.0,41.59445407279029,16.0,6,1,0,315.5,294.0,285.0,296.0,357.5,378.0,380.88709677419354,383.7741935483871
2016-11-28 09:00:00,33.0,577,544.0,5.719237435008666,9.0,0,0,1,546.5,549.0,557.0,551.375,526.0,515.6666666666666,505.3333333333333,495.0
2016-11-28 09:15:00,51.0,577,526.0,8.838821490467938,9.25,0,0,1,544.0,546.5,553.0,548.125,515.6666666666666,505.3333333333333,495.0,480.0
2016-11-28 09:30:00,61.333333333333336,577,515.6666666666666,10.629693818601964,9.5,0,0,1,526.0,544.0,549.0,541.375,505.3333333333333,495.0,480.0,465.0
2016-11-28 09:45:00,71.66666666666667,577,505.3333333333333,12.420566146735991,9.75,0,0,1,515.6666666666666,526.0,546.5,533.0416666666666,495.0,480.0,465.0,447.5
2016-11-28 10:00:00,82.0,577,495.0,14.211438474870016,10.0,0,0,1,505.3333333333333,515.6666666666666,544.0,522.75,480.0,465.0,447.5,430.0
2016-11-28 10:15:00,97.0,577,480.0,16.81109185441941,10.25,0,0,0,495.0,505.3333333333333,526.0,510.5,465.0,447.5,430.0,410.0
2016-11-28 10:30:00,112.0,577,465.0,19.410745233968804,10.5,0,0,0,480.0,495.0,515.6666666666666,499.0,447.5,430.0,410.0,390.0
2016-11-28 10:45:00,129.5,577,447.5,22.44367417677643,10.75,0,0,0,465.0,480.0,505.3333333333333,486.33333333333337,430.0,410.0,390.0,381.0
2016-11-28 11:00:00,147.0,577,430.0,25.476603119584055,11.0,0,0,0,447.5,465.0,495.0,471.875,410.0,390.0,381.0,372.0
2016-11-28 11:15:00,167.0,577,410.0,28.942807625649912,11.25,0,0,0,430.0,447.5,480.0,455.625,390.0,381.0,372.0,360.0
2016-11-28 11:30:00,187.0,577,390.0,32.40901213171577,11.5,0,0,0,410.0,430.0,465.0,438.125,381.0,372.0,360.0,357.66666666666663
2016-11-28 11:45:00,196.0,577,381.0,33.96880415944541,11.75,0,0,0,390.0,410.0,447.5,419.375,372.0,360.0,357.66666666666663,355.33333333333337
2016-11-28 12:00:00,205.0,577,372.0,35.52859618717504,12.0,0,0,0,381.0,390.0,430.0,402.75,360.0,357.66666666666663,355.33333333333337,353.0
2016-11-28 12:15:00,217.0,577,360.0,37.60831889081456,12.25,0,0,0,372.0,381.0,410.0,388.25,357.66666666666663,355.33333333333337,353.0,353.0
2016-11-28 12:30:00,219.33333333333334,577,357.66666666666663,38.01270941652224,12.5,0,0,0,360.0,372.0,390.0,375.75,355.33333333333337,353.0,353.0,353.0
2016-11-28 12:45:00,221.66666666666666,577,355.33333333333337,38.41709994222992,12.75,0,0,0,357.66666666666663,360.0,381.0,367.66666666666663,353.0,353.0,353.0,360.5
2016-11-28 13:00:00,224.0,577,353.0,38.82149046793761,13.0,0,0,0,355.33333333333337,357.66666666666663,372.0,361.25,353.0,353.0,360.5,368.0
2016-11-28 13:15:00,224.0,577,353.0,38.82149046793761,13.25,0,0,0,353.0,355.33333333333337,360.0,356.5,353.0,360.5,368.0,373.0
2016-11-28 13:30:00,224.0,577,353.0,38.82149046793761,13.5,0,0,0,353.0,353.0,357.66666666666663,354.75,360.5,368.0,373.0,378.0
2016-11-28 13:45:00,216.5,577,360.5,37.52166377816291,13.75,0,0,0,353.0,353.0,355.33333333333337,353.58333333333337,368.0,373.0,378.0,392.0
2016-11-28 14:00:00,209.0,577,368.0,36.22183708838821,14.0,0,0,0,360.5,353.0,353.0,354.875,373.0,378.0,392.0,406.0
2016-11-28 14:15:00,204.0,577,373.0,35.35528596187175,14.25,0,0,0,368.0,360.5,353.0,358.625,378.0,392.0,406.0,416.5
2016-11-28 14:30:00,199.0,577,378.0,34.48873483535528,14.5,0,0,0,373.0,368.0,353.0,363.625,392.0,406.0,416.5,427.0
2016-11-28 14:45:00,185.0,577,392.0,32.06239168110919,14.75,0,0,0,378.0,373.0,360.5,369.875,406.0,416.5,427.0,436.5
2016-11-28 15:00:00,171.0,577,406.0,29.636048526863085,15.0,0,0,0,392.0,378.0,368.0,377.75,416.5,427.0,436.5,446.0
2016-11-28 15:15:00,160.5,577,416.5,27.81629116117851,15.25,0,0,0,406.0,392.0,373.0,387.25,427.0,436.5,446.0,444.0
2016-11-28 15:30:00,150.0,577,427.0,25.99653379549394,15.5,0,0,0,416.5,406.0,378.0,398.125,436.5,446.0,444.0,445.8225806451613
2016-11-28 15:45:00,140.5,577,436.5,24.35008665511265,15.75,0,0,0,427.0,416.5,392.0,410.375,446.0,444.0,445.8225806451613,447.64516129032256
2016-11-29 08:45:00,33.333333333333336,577,543.6666666666666,5.7770075101097635,8.75,1,0,1,548.3333333333334,553.0,557.0,553.3333333333334,539.0,524.0,511.6666666666667,499.3333333333333
2016-11-29 09:00:00,38.0,577,539.0,6.5857885615251295,9.0,1,0,1,543.6666666666666,548.3333333333334,555.0,550.0,524.0,511.6666666666667,499.3333333333333,487.0
2016-11-29 09:15:00,53.0,577,524.0,9.185441941074524,9.25,1,0,1,539.0,543.6666666666666,553.0,546.0,511.6666666666667,499.3333333333333,487.0,445.0
2016-11-29 09:30:00,65.33333333333333,577,511.6666666666667,11.322934719815136,9.5,1,0,1,524.0,539.0,548.3333333333334,538.75,499.3333333333333,487.0,445.0,434.0
2016-11-29 09:45:00,77.66666666666667,577,499.3333333333333,13.460427498555749,9.75,1,0,1,511.6666666666667,524.0,543.6666666666666,529.5833333333333,487.0,445.0,434.0,423.0
2016-11-29 10:00:00,90.0,577,487.0,15.597920277296359,10.0,1,0,1,499.3333333333333,511.6666666666667,539.0,518.5,445.0,434.0,423.0,412.0
2016-11-29 10:15:00,132.0,577,445.0,22.876949740034664,10.25,1,0,0,487.0,499.3333333333333,524.0,505.5,434.0,423.0,412.0,389.0
2016-11-29 10:30:00,143.0,577,434.0,24.783362218370883,10.5,1,0,0,445.0,487.0,511.6666666666667,485.75,423.0,412.0,389.0,387.0
2016-11-29 10:45:00,154.0,577,423.0,26.689774696707108,10.75,1,0,0,434.0,445.0,499.3333333333333,466.3333333333333,412.0,389.0,387.0,385.0
2016-11-29 11:00:00,165.0,577,412.0,28.596187175043326,11.0,1,0,0,423.0,434.0,487.0,447.25,389.0,387.0,385.0,378.0
2016-11-29 11:15:00,188.0,577,389.0,32.582322357019066,11.25,1,0,0,412.0,423.0,445.0,428.5,387.0,385.0,378.0,371.0
2016-11-29 11:30:00,190.0,577,387.0,32.92894280762565,11.5,1,0,0,389.0,412.0,434.0,414.5,385.0,378.0,371.0,370.33333333333337
2016-11-29 11:45:00,192.0,577,385.0,33.27556325823224,11.75,1,0,0,387.0,389.0,423.0,402.75,378.0,371.0,370.33333333333337,369.66666666666663
2016-11-29 12:00:00,199.0,577,378.0,34.48873483535528,12.0,1,0,0,385.0,387.0,412.0,393.25,371.0,370.33333333333337,369.66666666666663,369.0
2016-11-29 12:15:00,206.0,577,371.0,35.70190641247834,12.25,1,0,0,378.0,385.0,389.0,384.75,370.33333333333337,369.66666666666663,369.0,371.0
2016-11-29 12:30:00,206.66666666666666,577,370.33333333333337,35.81744656268053,12.5,1,0,0,371.0,378.0,387.0,380.25,369.66666666666663,369.0,371.0,379.66666666666663
2016-11-29 12:45:00,207.33333333333334,577,369.66666666666663,35.93298671288273,12.75,1,0,0,370.33333333333337,371.0,385.0,376.08333333333337,369.0,371.0,379.66666666666663,388.33333333333337
2016-11-29 13:00:00,208.0,577,369.0,36.04852686308492,13.0,1,0,0,369.66666666666663,370.33333333333337,378.0,372.25,371.0,379.66666666666663,388.33333333333337,397.0
2016-11-29 13:15:00,206.0,577,371.0,35.70190641247834,13.25,1,0,0,369.0,369.66666666666663,371.0,370.0,379.66666666666663,388.33333333333337,397.0,408.0
2016-11-29 13:30:00,197.33333333333334,577,379.66666666666663,34.1998844598498,13.5,1,0,0,371.0,369.0,370.33333333333337,370.0,388.33333333333337,397.0,408.0,416.5
2016-11-29 13:45:00,188.66666666666666,577,388.33333333333337,32.69786250722126,13.75,1,0,0,379.66666666666663,371.0,369.66666666666663,372.33333333333326,397.0,408.0,416.5,425.0
2016-11-29 14:00:00,180.0,577,397.0,31.195840554592717,14.0,1,0,0,388.33333333333337,379.66666666666663,369.0,377.0,408.0,416.5,425.0,432.0
2016-11-29 14:15:00,169.0,577,408.0,29.289428076256502,14.25,1,0,0,397.0,388.33333333333337,371.0,384.0,416.5,425.0,432.0,439.0
2016-11-29 14:30:00,160.5,577,416.5,27.81629116117851,14.5,1,0,0,408.0,397.0,379.66666666666663,393.25,425.0,432.0,439.0,442.33333333333337
2016-11-29 14:45:00,152.0,577,425.0,26.343154246100518,14.75,1,0,0,416.5,408.0,388.33333333333337,402.45833333333337,432.0,439.0,442.33333333333337,445.66666666666663
2016-11-29 15:00:00,145.0,577,432.0,25.12998266897747,15.0,1,0,0,425.0,416.5,397.0,411.625,439.0,442.33333333333337,445.66666666666663,449.0
2016-11-29 15:15:00,138.0,577,439.0,23.91681109185442,15.25,1,0,0,432.0,425.0,408.0,420.375,442.33333333333337,445.66666666666663,449.0,463.0
2016-11-29 15:30:00,134.66666666666666,577,442.33333333333337,23.33911034084344,15.5,1,0,0,439.0,432.0,416.5,428.125,445.66666666666663,449.0,463.0,464.53968253968253
2016-11-29 15:45:00,131.33333333333334,577,445.66666666666663,22.761409589832468,15.75,1,0,0,442.33333333333337,439.0,425.0,434.58333333333337,449.0,463.0,464.53968253968253,466.07936507936506
2016-11-30 09:00:00,35.0,577,542.0,6.065857885615252,9.0,2,0,1,545.6666666666666,549.3333333333334,560.0,552.0,528.0,517.3333333333334,506.6666666666667,496.0
2016-11-30 09:15:00,49.0,577,528.0,8.492201039861353,9.25,2,0,1,542.0,545.6666666666666,553.0,547.5,517.3333333333334,506.6666666666667,496.0,470.0
2016-11-30 09:30:00,59.666666666666664,577,517.3333333333334,10.340843443096476,9.5,2,0,1,528.0,542.0,549.3333333333334,541.25,506.6666666666667,496.0,470.0,456.5
2016-11-30 09:45:00,70.33333333333333,577,506.6666666666667,12.1894858463316,9.75,2,0,1,517.3333333333334,528.0,545.6666666666666,533.25,496.0,470.0,456.5,443.0
2016-11-30 10:00:00,81.0,577,496.0,14.038128249566725,10.0,2,0,1,506.6666666666667,517.3333333333334,542.0,523.5,470.0,456.5,443.0,430.5
2016-11-30 10:15:00,107.0,577,470.0,18.544194107452338,10.25,2,0,0,496.0,506.6666666666667,528.0,512.0,456.5,443.0,430.5,418.0
2016-11-30 10:30:00,120.5,577,456.5,20.88388214904679,10.5,2,0,0,470.0,496.0,517.3333333333334,497.5,443.0,430.5,418.0,410.33333333333337
2016-11-30 10:45:00,134.0,577,443.0,23.223570190641247,10.75,2,0,0,456.5,470.0,506.6666666666667,482.29166666666663,430.5,418.0,410.33333333333337,402.66666666666663
2016-11-30 11:00:00,146.5,577,430.5,25.38994800693241,11.0,2,0,0,443.0,456.5,496.0,466.375,418.0,410.33333333333337,402.66666666666663,395.0
2016-11-30 11:15:00,159.0,577,418.0,27.55632582322357,11.25,2,0,0,430.5,443.0,470.0,450.0,410.33333333333337,402.66666666666663,395.0,388.0
2016-11-30 11:30:00,166.66666666666666,577,410.33333333333337,28.885037550548816,11.5,2,0,0,418.0,430.5,456.5,437.0,402.66666666666663,395.0,388.0,383.0
2016-11-30 11:45:00,174.33333333333334,577,402.66666666666663,30.213749277874065,11.75,2,0,0,410.33333333333337,418.0,443.0,425.45833333333337,395.0,388.0,383.0,378.0
2016-11-30 12:00:00,182.0,577,395.0,31.542461005199307,12.0,2,0,0,402.66666666666663,410.33333333333337,430.5,415.375,388.0,383.0,378.0,373.0
2016-11-30 12:15:00,189.0,577,388.0,32.755632582322356,12.25,2,0,0,395.0,402.66666666666663,418.0,406.5,383.0,378.0,373.0,376.0
2016-11-30 12:30:00,194.0,577,383.0,33.62218370883882,12.5,2,0,0,388.0,395.0,410.33333333333337,399.0,378.0,373.0,376.0,377.66666666666663
2016-11-30 12:45:00,199.0,577,378.0,34.48873483535528,12.75,2,0,0,383.0,388.0,402.66666666666663,392.16666666666663,373.0,376.0,377.66666666666663,379.33333333333337
2016-11-30 13:00:00,204.0,577,373.0,35.35528596187175,13.0,2,0,0,378.0,383.0,395.0,386.0,376.0,377.66666666666663,379.33333333333337,381.0
2016-11-30 13:15:00,201.0,577,376.0,34.835355285961874,13.25,2,0,0,373.0,378.0,388.0,380.5,377.66666666666663,379.33333333333337,381.0,396.0
2016-11-30 13:30:00,199.33333333333334,577,377.66666666666663,34.546504910456385,13.5,2,0,0,376.0,373.0,383.0,377.5,379.33333333333337,381.0,396.0,405.0
2016-11-30 13:45:00,197.66666666666666,577,379.33333333333337,34.257654534950895,13.75,2,0,0,377.66666666666663,376.0,378.0,376.1666666666667,381.0,396.0,405.0,414.0
2016-11-30 14:00:00,196.0,577,381.0,33.96880415944541,14.0,2,0,0,379.33333333333337,377.66666666666663,373.0,376.5,396.0,405.0,414.0,423.0
2016-11-30 14:15:00,181.0,577,396.0,31.369150779896017,14.25,2,0,0,381.0,379.33333333333337,376.0,378.5,405.0,414.0,423.0,445.0
2016-11-30 14:30:00,172.0,577,405.0,29.809358752166375,14.5,2,0,0,396.0,381.0,377.66666666666663,383.5,414.0,423.0,445.0,451.0
2016-11-30 14:45:00,163.0,577,414.0,28.249566724436743,14.75,2,0,0,405.0,396.0,379.33333333333337,390.3333333333333,423.0,445.0,451.0,457.0
2016-11-30 15:00:00,154.0,577,423.0,26.689774696707108,15.0,2,0,0,414.0,405.0,381.0,399.0,445.0,451.0,457.0,463.0
2016-11-30 15:15:00,132.0,577,445.0,22.876949740034664,15.25,2,0,0,423.0,414.0,396.0,409.5,451.0,457.0,463.0,471.0
2016-11-30 15:30:00,126.0,577,451.0,21.837088388214905,15.5,2,0,0,445.0,423.0,405.0,421.75,457.0,463.0,471.0,472.3333333333333
2016-11-30 15:45:00,120.0,577,457.0,20.797227036395146,15.75,2,0,0,451.0,445.0,414.0,433.25,463.0,471.0,472.3333333333333,473.6666666666667
2016-12-01 09:00:00,39.0,577,538.0,6.759098786828423,9.0,3,0,1,546.0,550.5,555.0,551.625,530.0,506.5,483.0,466.5
2016-12-01 09:15:00,47.0,577,530.0,8.145580589254767,9.25,3,0,1,538.0,546.0,555.0,547.375,506.5,483.0,466.5,450.0
2016-12-01 09:30:00,70.5,577,506.5,12.218370883882148,9.5,3,0,1,530.0,538.0,550.5,541.125,483.0,466.5,450.0,437.0
2016-12-01 09:45:00,94.0,577,483.0,16.291161178509533,9.75,3,0,1,506.5,530.0,546.0,530.125,466.5,450.0,437.0,424.0
2016-12-01 10:00:00,110.5,577,466.5,19.150779896013866,10.0,3,0,1,483.0,506.5,538.0,514.375,450.0,437.0,424.0,417.0
2016-12-01 10:15:00,127.0,577,450.0,22.0103986135182,10.25,3,0,0,466.5,483.0,530.0,496.5,437.0,424.0,417.0,410.0
2016-12-01 10:30:00,140.0,577,437.0,24.263431542461007,10.5,3,0,0,450.0,466.5,506.5,476.5,424.0,417.0,410.0,403.0
2016-12-01 10:45:00,153.0,577,424.0,26.51646447140381,10.75,3,0,0,437.0,450.0,483.0,459.125,417.0,410.0,403.0,381.0
2016-12-01 11:00:00,160.0,577,417.0,27.729636048526864,11.0,3,0,0,424.0,437.0,466.5,444.375,410.0,403.0,381.0,383.5
2016-12-01 11:15:00,167.0,577,410.0,28.942807625649912,11.25,3,0,0,417.0,424.0,450.0,432.0,403.0,381.0,383.5,386.0
2016-12-01 11:30:00,174.0,577,403.0,30.155979202772965,11.5,3,0,0,410.0,417.0,437.0,422.0,381.0,383.5,386.0,378.0
2016-12-01 11:45:00,196.0,577,381.0,33.96880415944541,11.75,3,0,0,403.0,410.0,424.0,413.5,383.5,386.0,378.0,370.0
2016-12-01 12:00:00,193.5,577,383.5,33.53552859618718,12.0,3,0,0,381.0,403.0,417.0,402.75,386.0,378.0,370.0,372.0
2016-12-01 12:15:00,191.0,577,386.0,33.10225303292894,12.25,3,0,0,383.5,381.0,410.0,394.375,378.0,370.0,372.0,374.0
2016-12-01 12:30:00,199.0,577,378.0,34.48873483535528,12.5,3,0,0,386.0,383.5,403.0,388.375,370.0,372.0,374.0,380.5
2016-12-01 12:45:00,207.0,577,370.0,35.875216637781634,12.75,3,0,0,378.0,386.0,381.0,382.125,372.0,374.0,380.5,387.0
2016-12-01 13:00:00,205.0,577,372.0,35.52859618717504,13.0,3,0,0,370.0,378.0,383.5,379.375,374.0,380.5,387.0,395.5
2016-12-01 13:15:00,203.0,577,374.0,35.181975736568454,13.25,3,0,0,372.0,370.0,386.0,376.5,380.5,387.0,395.5,404.0
2016-12-01 13:30:00,196.5,577,380.5,34.05545927209705,13.5,3,0,0,374.0,372.0,378.0,373.5,387.0,395.5,404.0,406.5
2016-12-01 13:45:00,190.0,577,387.0,32.92894280762565,13.75,3,0,0,380.5,374.0,370.0,374.125,395.5,404.0,406.5,409.0
2016-12-01 14:00:00,181.5,577,395.5,31.455805892547662,14.0,3,0,0,387.0,380.5,372.0,378.375,404.0,406.5,409.0,416.5
2016-12-01 14:15:00,173.0,577,404.0,29.98266897746967,14.25,3,0,0,395.5,387.0,374.0,384.25,406.5,409.0,416.5,424.0
2016-12-01 14:30:00,170.5,577,406.5,29.54939341421144,14.5,3,0,0,404.0,395.5,380.5,391.75,409.0,416.5,424.0,439.0
2016-12-01 14:45:00,168.0,577,409.0,29.116117850953206,14.75,3,0,0,406.5,404.0,387.0,398.25,416.5,424.0,439.0,454.0
2016-12-01 15:00:00,160.5,577,416.5,27.81629116117851,15.0,3,0,0,409.0,406.5,395.5,403.75,424.0,439.0,454.0,461.5
2016-12-01 15:15:00,153.0,577,424.0,26.51646447140381,15.25,3,0,0,416.5,409.0,404.0,409.0,439.0,454.0,461.5,469.0
2016-12-01 15:30:00,138.0,577,439.0,23.91681109185442,15.5,3,0,0,424.0,416.5,406.5,414.0,454.0,461.5,469.0,470.4516129032258
2016-12-01 15:45:00,123.0,577,454.0,21.317157712305026,15.75,3,0,0,439.0,424.0,409.0,422.125,461.5,469.0,470.4516129032258,471.9032258064516
2016-12-02 08:45:00,34.666666666666664,577,542.3333333333334,6.008087810514153,8.75,4,0,1,547.6666666666666,553.0,559.0,553.9166666666666,537.0,519.0,508.0,497.0
2016-12-02 09:00:00,40.0,577,537.0,6.932409012131716,9.0,4,0,1,542.3333333333334,547.6666666666666,556.0,549.75,519.0,508.0,497.0,486.0
2016-12-02 09:15:00,58.0,577,519.0,10.051993067590988,9.25,4,0,1,537.0,542.3333333333334,553.0,545.0,508.0,497.0,486.0,455.0
2016-12-02 09:30:00,69.0,577,508.0,11.95840554592721,9.5,4,0,1,519.0,537.0,547.6666666666666,536.5,497.0,486.0,455.0,444.0
2016-12-02 09:45:00,80.0,577,497.0,13.864818024263432,9.75,4,0,1,508.0,519.0,542.3333333333334,526.5833333333334,486.0,455.0,444.0,433.0
2016-12-02 10:00:00,91.0,577,486.0,15.771230502599654,10.0,4,0,1,497.0,508.0,537.0,515.25,455.0,444.0,433.0,422.0
2016-12-02 10:15:00,122.0,577,455.0,21.143847487001732,10.25,4,0,0,486.0,497.0,519.0,502.5,444.0,433.0,422.0,396.0
2016-12-02 10:30:00,133.0,577,444.0,23.050259965337954,10.5,4,0,0,455.0,486.0,508.0,486.5,433.0,422.0,396.0,390.66666666666663
2016-12-02 10:45:00,144.0,577,433.0,24.956672443674176,10.75,4,0,0,444.0,455.0,497.0,470.5,422.0,396.0,390.66666666666663,385.33333333333337
2016-12-02 11:00:00,155.0,577,422.0,26.8630849220104,11.0,4,0,0,433.0,444.0,486.0,454.5,396.0,390.66666666666663,385.33333333333337,380.0
2016-12-02 11:15:00,181.0,577,396.0,31.369150779896017,11.25,4,0,0,422.0,433.0,455.0,438.5,390.66666666666663,385.33333333333337,380.0,381.0
2016-12-02 11:30:00,186.33333333333334,577,390.66666666666663,32.29347198151358,11.5,4,0,0,396.0,422.0,444.0,423.75,385.33333333333337,380.0,381.0,379.0
2016-12-02 11:45:00,191.66666666666666,577,385.33333333333337,33.217793183131135,11.75,4,0,0,390.66666666666663,396.0,433.0,410.41666666666663,380.0,381.0,379.0,377.0
2016-12-02 12:00:00,197.0,577,380.0,34.1421143847487,12.0,4,0,0,385.33333333333337,390.66666666666663,422.0,398.5,381.0,379.0,377.0,375.5
2016-12-02 12:15:00,196.0,577,381.0,33.96880415944541,12.25,4,0,0,380.0,385.33333333333337,396.0,388.0,379.0,377.0,375.5,374.0
2016-12-02 12:30:00,198.0,577,379.0,34.31542461005199,12.5,4,0,0,381.0,380.0,390.66666666666663,384.25,377.0,375.5,374.0,377.5
2016-12-02 12:45:00,200.0,577,377.0,34.66204506065858,12.75,4,0,0,379.0,381.0,385.33333333333337,381.33333333333337,375.5,374.0,377.5,381.0
2016-12-02 13:00:00,201.5,577,375.5,34.922010398613516,13.0,4,0,0,377.0,379.0,380.0,379.25,374.0,377.5,381.0,386.0
2016-12-02 13:15:00,203.0,577,374.0,35.181975736568454,13.25,4,0,0,375.5,377.0,381.0,378.125,377.5,381.0,386.0,391.0
2016-12-02 13:30:00,199.5,577,377.5,34.575389948006936,13.5,4,0,0,374.0,375.5,379.0,376.375,381.0,386.0,391.0,396.5
2016-12-02 13:45:00,196.0,577,381.0,33.96880415944541,13.75,4,0,0,377.5,374.0,377.0,376.0,386.0,391.0,396.5,402.0
2016-12-02 14:00:00,191.0,577,386.0,33.10225303292894,14.0,4,0,0,381.0,377.5,375.5,377.0,391.0,396.5,402.0,410.66666666666663
2016-12-02 14:15:00,186.0,577,391.0,32.23570190641248,14.25,4,0,0,386.0,381.0,374.0,379.625,396.5,402.0,410.66666666666663,419.33333333333337
2016-12-02 14:30:00,180.5,577,396.5,31.28249566724437,14.5,4,0,0,391.0,386.0,377.5,383.875,402.0,410.66666666666663,419.33333333333337,428.0
2016-12-02 14:45:00,175.0,577,402.0,30.329289428076255,14.75,4,0,0,396.5,391.0,381.0,388.625,410.66666666666663,419.33333333333337,428.0,446.0
2016-12-02 15:00:00,166.33333333333334,577,410.66666666666663,28.82726747544772,15.0,4,0,0,402.0,396.5,386.0,393.875,419.33333333333337,428.0,446.0,454.6666666666667
2016-12-02 15:15:00,157.66666666666666,577,419.33333333333337,27.32524552281918,15.25,4,0,0,410.66666666666663,402.0,391.0,400.04166666666663,428.0,446.0,454.6666666666667,463.3333333333333
2016-12-02 15:30:00,149.0,577,428.0,25.82322357019064,15.5,4,0,0,419.33333333333337,410.66666666666663,396.5,407.125,446.0,454.6666666666667,463.3333333333333,472.0
2016-12-02 15:45:00,131.0,577,446.0,22.703639514731368,15.75,4,0,0,428.0,419.33333333333337,402.0,415.0,454.6666666666667,463.3333333333333,472.0,472.3700787401575
2016-12-02 16:00:00,122.33333333333333,577,454.6666666666667,21.20161756210283,16.0,4,0,0,446.0,428.0,410.66666666666663,426.0,463.3333333333333,472.0,472.3700787401575,472.74015748031496
2016-12-05 09:00:00,26.0,577,551.0,4.506065857885615,9.0,0,0,1,555.0,559.0,566.0,560.75,538.0,530.0,522.0,514.0
2016-12-05 09:15:00,39.0,577,538.0,6.759098786828423,9.25,0,0,1,551.0,555.0,563.0,557.0,530.0,522.0,514.0,490.0
2016-12-05 09:30:00,47.0,577,530.0,8.145580589254767,9.5,0,0,1,538.0,551.0,559.0,550.75,522.0,514.0,490.0,481.3333333333333
2016-12-05 09:45:00,55.0,577,522.0,9.532062391681109,9.75,0,0,1,530.0,538.0,555.0,543.5,514.0,490.0,481.3333333333333,472.6666666666667
2016-12-05 10:00:00,63.0,577,514.0,10.918544194107453,10.0,0,0,1,522.0,530.0,551.0,535.25,490.0,481.3333333333333,472.6666666666667,464.0
2016-12-05 10:15:00,87.0,577,490.0,15.077989601386482,10.25,0,0,0,514.0,522.0,538.0,526.0,481.3333333333333,472.6666666666667,464.0,451.0
2016-12-05 10:30:00,95.66666666666667,577,481.3333333333333,16.58001155401502,10.5,0,0,0,490.0,514.0,530.0,514.0,472.6666666666667,464.0,451.0,440.0
2016-12-05 10:45:00,104.33333333333333,577,472.6666666666667,18.08203350664356,10.75,0,0,0,481.3333333333333,490.0,522.0,501.8333333333333,464.0,451.0,440.0,429.0
2016-12-05 11:00:00,113.0,577,464.0,19.584055459272097,11.0,0,0,0,472.6666666666667,481.3333333333333,514.0,489.5,451.0,440.0,429.0,422.5
2016-12-05 11:15:00,126.0,577,451.0,21.837088388214905,11.25,0,0,0,464.0,472.6666666666667,490.0,477.0,440.0,429.0,422.5,416.0
2016-12-05 11:30:00,137.0,577,440.0,23.743500866551127,11.5,0,0,0,451.0,464.0,481.3333333333333,467.25,429.0,422.5,416.0,412.33333333333337
2016-12-05 11:45:00,148.0,577,429.0,25.64991334488735,11.75,0,0,0,440.0,451.0,472.6666666666667,456.9166666666667,422.5,416.0,412.33333333333337,408.66666666666663
2016-12-05 12:00:00,154.5,577,422.5,26.776429809358753,12.0,0,0,0,429.0,440.0,464.0,446.0,416.0,412.33333333333337,408.66666666666663,405.0
2016-12-05 12:15:00,161.0,577,416.0,27.902946273830153,12.25,0,0,0,422.5,429.0,451.0,435.625,412.33333333333337,408.66666666666663,405.0,400.0
2016-12-05 12:30:00,164.66666666666666,577,412.33333333333337,28.538417099942226,12.5,0,0,0,416.0,422.5,440.0,426.875,408.66666666666663,405.0,400.0,402.33333333333337
2016-12-05 12:45:00,168.33333333333334,577,408.66666666666663,29.173887926054302,12.75,0,0,0,412.33333333333337,416.0,429.0,419.95833333333337,405.0,400.0,402.33333333333337,404.66666666666663
2016-12-05 13:00:00,172.0,577,405.0,29.809358752166375,13.0,0,0,0,408.66666666666663,412.33333333333337,422.5,414.875,400.0,402.33333333333337,404.66666666666663,407.0
2016-12-05 13:15:00,177.0,577,400.0,30.675909878682845,13.25,0,0,0,405.0,408.66666666666663,416.0,410.5,402.33333333333337,404.66666666666663,407.0,412.0
2016-12-05 13:30:00,174.66666666666666,577,402.33333333333337,30.271519352975158,13.5,0,0,0,400.0,405.0,412.33333333333337,406.5,404.66666666666663,407.0,412.0,417.33333333333337
2016-12-05 13:45:00,172.33333333333334,577,404.66666666666663,29.867128827267475,13.75,0,0,0,402.33333333333337,400.0,408.66666666666663,404.0,407.0,412.0,417.33333333333337,422.66666666666663
2016-12-05 14:00:00,170.0,577,407.0,29.462738301559792,14.0,0,0,0,404.66666666666663,402.33333333333337,405.0,403.0,412.0,417.33333333333337,422.66666666666663,428.0
2016-12-05 14:15:00,165.0,577,412.0,28.596187175043326,14.25,0,0,0,407.0,404.66666666666663,400.0,403.5,417.33333333333337,422.66666666666663,428.0,435.0
2016-12-05 14:30:00,159.66666666666666,577,417.33333333333337,27.671865973425763,14.5,0,0,0,412.0,407.0,402.33333333333337,406.5,422.66666666666663,428.0,435.0,447.0
2016-12-05 14:45:00,154.33333333333334,577,422.66666666666663,26.747544771808208,14.75,0,0,0,417.33333333333337,412.0,404.66666666666663,410.25,428.0,435.0,447.0,459.0
2016-12-05 15:00:00,149.0,577,428.0,25.82322357019064,15.0,0,0,0,422.66666666666663,417.33333333333337,407.0,414.75,435.0,447.0,459.0,471.0
2016-12-05 15:15:00,142.0,577,435.0,24.610051993067593,15.25,0,0,0,428.0,422.66666666666663,412.0,420.0,447.0,459.0,471.0,482.0
2016-12-05 15:30:00,130.0,577,447.0,22.530329289428074,15.5,0,0,0,435.0,428.0,417.33333333333337,425.75,459.0,471.0,482.0,483.35483870967744
2016-12-05 15:45:00,118.0,577,459.0,20.45060658578856,15.75,0,0,0,447.0,435.0,422.66666666666663,433.16666666666663,471.0,482.0,483.35483870967744,484.7096774193548
2016-12-06 08:45:00,22.0,577,555.0,3.8128249566724435,8.75,1,0,1,560.5,566.0,566.0,564.625,546.5,538.0,523.3333333333334,508.6666666666667
2016-12-06 09:00:00,30.5,577,546.5,5.285961871750433,9.0,1,0,1,555.0,560.5,566.0,561.875,538.0,523.3333333333334,508.6666666666667,494.0
2016-12-06 09:15:00,39.0,577,538.0,6.759098786828423,9.25,1,0,1,546.5,555.0,566.0,557.0,523.3333333333334,508.6666666666667,494.0,457.0
2016-12-06 09:30:00,53.666666666666664,577,523.3333333333334,9.300982091276719,9.5,1,0,1,538.0,546.5,560.5,550.0,508.6666666666667,494.0,457.0,432.33333333333337
2016-12-06 09:45:00,68.33333333333333,577,508.6666666666667,11.842865395725013,9.75,1,0,1,523.3333333333334,538.0,555.0,540.7083333333334,494.0,457.0,432.33333333333337,407.66666666666663
2016-12-06 10:00:00,83.0,577,494.0,14.384748700173311,10.0,1,0,1,508.6666666666667,523.3333333333334,546.5,529.125,457.0,432.33333333333337,407.66666666666663,383.0
2016-12-06 10:15:00,120.0,577,457.0,20.797227036395146,10.25,1,0,0,494.0,508.6666666666667,538.0,516.0,432.33333333333337,407.66666666666663,383.0,357.0
2016-12-06 10:30:00,144.66666666666666,577,432.33333333333337,25.07221259387637,10.5,1,0,0,457.0,494.0,523.3333333333334,495.75,407.66666666666663,383.0,357.0,354.0
2016-12-06 10:45:00,169.33333333333334,577,407.66666666666663,29.347198151357603,10.75,1,0,0,432.33333333333337,457.0,508.6666666666667,473.0,383.0,357.0,354.0,351.0
2016-12-06 11:00:00,194.0,577,383.0,33.62218370883882,11.0,1,0,0,407.66666666666663,432.33333333333337,494.0,447.75,357.0,354.0,351.0,344.0
2016-12-06 11:15:00,220.0,577,357.0,38.128249566724435,11.25,1,0,0,383.0,407.66666666666663,457.0,420.0,354.0,351.0,344.0,337.0
2016-12-06 11:30:00,223.0,577,354.0,38.64818024263432,11.5,1,0,0,357.0,383.0,432.33333333333337,395.0,351.0,344.0,337.0,338.0
2016-12-06 11:45:00,226.0,577,351.0,39.168110918544194,11.75,1,0,0,354.0,357.0,407.66666666666663,375.41666666666663,344.0,337.0,338.0,339.0
2016-12-06 12:00:00,233.0,577,344.0,40.38128249566724,12.0,1,0,0,351.0,354.0,383.0,361.25,337.0,338.0,339.0,343.5
2016-12-06 12:15:00,240.0,577,337.0,41.59445407279029,12.25,1,0,0,344.0,351.0,357.0,351.5,338.0,339.0,343.5,348.0
2016-12-06 12:30:00,239.0,577,338.0,41.421143847487,12.5,1,0,0,337.0,344.0,354.0,346.5,339.0,343.5,348.0,355.0
2016-12-06 12:45:00,238.0,577,339.0,41.24783362218371,12.75,1,0,0,338.0,337.0,351.0,342.5,343.5,348.0,355.0,362.0
2016-12-06 13:00:00,233.5,577,343.5,40.46793760831889,13.0,1,0,0,339.0,338.0,344.0,339.5,348.0,355.0,362.0,369.0
2016-12-06 13:15:00,229.0,577,348.0,39.68804159445407,13.25,1,0,0,343.5,339.0,337.0,339.375,355.0,362.0,369.0,378.0
2016-12-06 13:30:00,222.0,577,355.0,38.47487001733102,13.5,1,0,0,348.0,343.5,338.0,342.125,362.0,369.0,378.0,385.0
2016-12-06 13:45:00,215.0,577,362.0,37.26169844020797,13.75,1,0,0,355.0,348.0,339.0,346.375,369.0,378.0,385.0,392.0
2016-12-06 14:00:00,208.0,577,369.0,36.04852686308492,14.0,1,0,0,362.0,355.0,343.5,352.125,378.0,385.0,392.0,399.0
2016-12-06 14:15:00,199.0,577,378.0,34.48873483535528,14.25,1,0,0,369.0,362.0,348.0,358.5,385.0,392.0,399.0,427.0
2016-12-06 14:30:00,192.0,577,385.0,33.27556325823224,14.5,1,0,0,378.0,369.0,355.0,366.0,392.0,399.0,427.0,434.33333333333337
2016-12-06 14:45:00,185.0,577,392.0,32.06239168110919,14.75,1,0,0,385.0,378.0,362.0,373.5,399.0,427.0,434.33333333333337,441.66666666666663
2016-12-06 15:00:00,178.0,577,399.0,30.849220103986134,15.0,1,0,0,392.0,385.0,369.0,381.0,427.0,434.33333333333337,441.66666666666663,449.0
2016-12-06 15:15:00,150.0,577,427.0,25.99653379549394,15.25,1,0,0,399.0,392.0,378.0,388.5,434.33333333333337,441.66666666666663,449.0,466.0
2016-12-06 15:30:00,142.66666666666666,577,434.33333333333337,24.725592143269782,15.5,1,0,0,427.0,399.0,385.0,400.75,441.66666666666663,449.0,466.0,467.61290322580646
2016-12-06 15:45:00,135.33333333333334,577,441.66666666666663,23.45465049104564,15.75,1,0,0,434.33333333333337,427.0,392.0,413.08333333333337,449.0,466.0,467.61290322580646,469.2258064516129
2016-12-07 08:45:00,20.0,577,557.0,3.466204506065858,8.75,2,0,1,559.5,562.0,566.0,562.875,550.0,543.0,526.0,509.0
2016-12-07 09:00:00,27.0,577,550.0,4.679376083188909,9.0,2,0,1,557.0,559.5,564.0,560.625,543.0,526.0,509.0,494.5
2016-12-07 09:15:00,34.0,577,543.0,5.892547660311958,9.25,2,0,1,550.0,557.0,562.0,557.125,526.0,509.0,494.5,480.0
2016-12-07 09:30:00,51.0,577,526.0,8.838821490467938,9.5,2,0,1,543.0,550.0,559.5,552.375,509.0,494.5,480.0,460.5
2016-12-07 09:45:00,68.0,577,509.0,11.785095320623917,9.75,2,0,1,526.0,543.0,557.0,544.0,494.5,480.0,460.5,441.0
2016-12-07 10:00:00,82.5,577,494.5,14.298093587521663,10.0,2,0,1,509.0,526.0,550.0,532.0,480.0,460.5,441.0,434.0
2016-12-07 10:15:00,97.0,577,480.0,16.81109185441941,10.25,2,0,0,494.5,509.0,543.0,518.125,460.5,441.0,434.0,427.0
2016-12-07 10:30:00,116.5,577,460.5,20.19064124783362,10.5,2,0,0,480.0,494.5,526.0,502.375,441.0,434.0,427.0,413.5
2016-12-07 10:45:00,136.0,577,441.0,23.570190641247834,10.75,2,0,0,460.5,480.0,509.0,486.0,434.0,427.0,413.5,400.0
2016-12-07 11:00:00,143.0,577,434.0,24.783362218370883,11.0,2,0,0,441.0,460.5,494.5,469.0,427.0,413.5,400.0,402.5
2016-12-07 11:15:00,150.0,577,427.0,25.99653379549394,11.25,2,0,0,434.0,441.0,480.0,453.875,413.5,400.0,402.5,405.0
2016-12-07 11:30:00,163.5,577,413.5,28.336221837088388,11.5,2,0,0,427.0,434.0,460.5,440.625,400.0,402.5,405.0,402.0
2016-12-07 11:45:00,177.0,577,400.0,30.675909878682845,11.75,2,0,0,413.5,427.0,441.0,428.875,402.5,405.0,402.0,399.0
2016-12-07 12:00:00,174.5,577,402.5,30.24263431542461,12.0,2,0,0,400.0,413.5,434.0,418.625,405.0,402.0,399.0,396.5
2016-12-07 12:15:00,172.0,577,405.0,29.809358752166375,12.25,2,0,0,402.5,400.0,427.0,410.75,402.0,399.0,396.5,394.0
2016-12-07 12:30:00,175.0,577,402.0,30.329289428076255,12.5,2,0,0,405.0,402.5,413.5,405.25,399.0,396.5,394.0,398.5
2016-12-07 12:45:00,178.0,577,399.0,30.849220103986134,12.75,2,0,0,402.0,405.0,400.0,402.375,396.5,394.0,398.5,403.0
2016-12-07 13:00:00,180.5,577,396.5,31.28249566724437,13.0,2,0,0,399.0,402.0,402.5,402.125,394.0,398.5,403.0,411.5
2016-12-07 13:15:00,183.0,577,394.0,31.715771230502597,13.25,2,0,0,396.5,399.0,405.0,400.625,398.5,403.0,411.5,420.0
2016-12-07 13:30:00,178.5,577,398.5,30.935875216637783,13.5,2,0,0,394.0,396.5,402.0,397.875,403.0,411.5,420.0,430.0
2016-12-07 13:45:00,174.0,577,403.0,30.155979202772965,13.75,2,0,0,398.5,394.0,399.0,397.0,411.5,420.0,430.0,440.0
2016-12-07 14:00:00,165.5,577,411.5,28.682842287694974,14.0,2,0,0,403.0,398.5,396.5,398.0,420.0,430.0,440.0,444.0
2016-12-07 14:15:00,157.0,577,420.0,27.209705372616984,14.25,2,0,0,411.5,403.0,394.0,401.75,430.0,440.0,444.0,448.0
2016-12-07 14:30:00,147.0,577,430.0,25.476603119584055,14.5,2,0,0,420.0,411.5,398.5,408.25,440.0,444.0,448.0,452.0
2016-12-07 14:45:00,137.0,577,440.0,23.743500866551127,14.75,2,0,0,430.0,420.0,403.0,416.125,444.0,448.0,452.0,462.0
2016-12-07 15:00:00,133.0,577,444.0,23.050259965337954,15.0,2,0,0,440.0,430.0,411.5,425.375,448.0,452.0,462.0,466.0
2016-12-07 15:15:00,129.0,577,448.0,22.357019064124785,15.25,2,0,0,444.0,440.0,420.0,433.5,452.0,462.0,466.0,470.0
2016-12-07 15:30:00,125.0,577,452.0,21.663778162911612,15.5,2,0,0,448.0,444.0,430.0,440.5,462.0,466.0,470.0,474.0
2016-12-07 15:45:00,115.0,577,462.0,19.930675909878683,15.75,2,0,0,452.0,448.0,440.0,446.0,466.0,470.0,474.0,475.45901639344265
2016-12-07 16:00:00,111.0,577,466.0,19.23743500866551,16.0,2,0,0,462.0,452.0,444.0,451.5,470.0,474.0,475.45901639344265,476.91803278688525
2016-12-08 08:45:00,26.0,577,551.0,4.506065857885615,8.75,3,0,1,555.5,560.0,563.0,560.0,542.0,533.0,514.0,495.0
2016-12-08 09:00:00,35.0,577,542.0,6.065857885615252,9.0,3,0,1,551.0,555.5,561.5,557.0,533.0,514.0,495.0,481.0
2016-12-08 09:15:00,44.0,577,533.0,7.625649913344887,9.25,3,0,1,542.0,551.0,560.0,552.125,514.0,495.0,481.0,467.0
2016-12-08 09:30:00,63.0,577,514.0,10.918544194107453,9.5,3,0,1,533.0,542.0,555.5,545.375,495.0,481.0,467.0,453.0
2016-12-08 09:45:00,82.0,577,495.0,14.211438474870016,9.75,3,0,1,514.0,533.0,551.0,535.0,481.0,467.0,453.0,418.0
2016-12-08 10:00:00,96.0,577,481.0,16.63778162911612,10.0,3,0,1,495.0,514.0,542.0,521.0,467.0,453.0,418.0,409.0
2016-12-08 10:15:00,110.0,577,467.0,19.064124783362217,10.25,3,0,0,481.0,495.0,533.0,505.75,453.0,418.0,409.0,400.0
2016-12-08 10:30:00,124.0,577,453.0,21.49046793760832,10.5,3,0,0,467.0,481.0,514.0,489.25,418.0,409.0,400.0,391.0
2016-12-08 10:45:00,159.0,577,418.0,27.55632582322357,10.75,3,0,0,453.0,467.0,495.0,474.0,409.0,400.0,391.0,368.0
2016-12-08 11:00:00,168.0,577,409.0,29.116117850953206,11.0,3,0,0,418.0,453.0,481.0,454.75,400.0,391.0,368.0,363.0
2016-12-08 11:15:00,177.0,577,400.0,30.675909878682845,11.25,3,0,0,409.0,418.0,467.0,436.75,391.0,368.0,363.0,358.0
2016-12-08 11:30:00,186.0,577,391.0,32.23570190641248,11.5,3,0,0,400.0,409.0,453.0,420.0,368.0,363.0,358.0,356.0
2016-12-08 11:45:00,209.0,577,368.0,36.22183708838821,11.75,3,0,0,391.0,400.0,418.0,404.5,363.0,358.0,356.0,354.0
2016-12-08 12:00:00,214.0,577,363.0,37.088388214904676,12.0,3,0,0,368.0,391.0,409.0,392.0,358.0,356.0,354.0,357.5
2016-12-08 12:15:00,219.0,577,358.0,37.954939341421145,12.25,3,0,0,363.0,368.0,400.0,380.5,356.0,354.0,357.5,361.0
2016-12-08 12:30:00,221.0,577,356.0,38.30155979202773,12.5,3,0,0,358.0,363.0,391.0,370.0,354.0,357.5,361.0,361.5
2016-12-08 12:45:00,223.0,577,354.0,38.64818024263432,12.75,3,0,0,356.0,358.0,368.0,361.25,357.5,361.0,361.5,362.0
2016-12-08 13:00:00,219.5,577,357.5,38.04159445407279,13.0,3,0,0,354.0,356.0,363.0,357.75,361.0,361.5,362.0,371.5
2016-12-08 13:15:00,216.0,577,361.0,37.43500866551127,13.25,3,0,0,357.5,354.0,358.0,356.375,361.5,362.0,371.5,381.0
2016-12-08 13:30:00,215.5,577,361.5,37.34835355285962,13.5,3,0,0,361.0,357.5,356.0,357.125,362.0,371.5,381.0,394.5
2016-12-08 13:45:00,215.0,577,362.0,37.26169844020797,13.75,3,0,0,361.5,361.0,354.0,358.5,371.5,381.0,394.5,408.0
2016-12-08 14:00:00,205.5,577,371.5,35.61525129982669,14.0,3,0,0,362.0,361.5,357.5,360.5,381.0,394.5,408.0,418.5
2016-12-08 14:15:00,196.0,577,381.0,33.96880415944541,14.25,3,0,0,371.5,362.0,361.0,364.0,394.5,408.0,418.5,429.0
2016-12-08 14:30:00,182.5,577,394.5,31.629116117850952,14.5,3,0,0,381.0,371.5,361.5,369.0,408.0,418.5,429.0,434.0
2016-12-08 14:45:00,169.0,577,408.0,29.289428076256502,14.75,3,0,0,394.5,381.0,362.0,377.25,418.5,429.0,434.0,439.0
2016-12-08 15:00:00,158.5,577,418.5,27.469670710571926,15.0,3,0,0,408.0,394.5,371.5,388.75,429.0,434.0,439.0,450.0
2016-12-08 15:15:00,148.0,577,429.0,25.64991334488735,15.25,3,0,0,418.5,408.0,381.0,400.5,434.0,439.0,450.0,461.0
2016-12-08 15:30:00,143.0,577,434.0,24.783362218370883,15.5,3,0,0,429.0,418.5,394.5,412.5,439.0,450.0,461.0,472.0
2016-12-08 15:45:00,138.0,577,439.0,23.91681109185442,15.75,3,0,0,434.0,429.0,408.0,422.375,450.0,461.0,472.0,473.5
2016-12-08 16:00:00,127.0,577,450.0,22.0103986135182,16.0,3,0,0,439.0,434.0,418.5,430.125,461.0,472.0,473.5,475.0
2016-12-09 09:00:00,42.5,577,534.5,7.365684575389948,9.0,4,0,1,550.0,554.0,565.0,556.75,519.0,503.5,488.0,466.0
2016-12-09 09:15:00,58.0,577,519.0,10.051993067590988,9.25,4,0,1,534.5,550.0,558.0,549.125,503.5,488.0,466.0,444.0
2016-12-09 09:30:00,73.5,577,503.5,12.738301559792028,9.5,4,0,1,519.0,534.5,554.0,539.375,488.0,466.0,444.0,430.0
2016-12-09 09:45:00,89.0,577,488.0,15.424610051993067,9.75,4,0,1,503.5,519.0,550.0,526.75,466.0,444.0,430.0,416.0
2016-12-09 10:00:00,111.0,577,466.0,19.23743500866551,10.0,4,0,1,488.0,503.5,534.5,511.25,444.0,430.0,416.0,401.5
2016-12-09 10:15:00,133.0,577,444.0,23.050259965337954,10.25,4,0,0,466.0,488.0,519.0,494.125,430.0,416.0,401.5,387.0
2016-12-09 10:30:00,147.0,577,430.0,25.476603119584055,10.5,4,0,0,444.0,466.0,503.5,475.375,416.0,401.5,387.0,379.5
2016-12-09 10:45:00,161.0,577,416.0,27.902946273830153,10.75,4,0,0,430.0,444.0,488.0,457.0,401.5,387.0,379.5,372.0
2016-12-09 11:00:00,175.5,577,401.5,30.415944540727903,11.0,4,0,0,416.0,430.0,466.0,439.0,387.0,379.5,372.0,373.0
2016-12-09 11:15:00,190.0,577,387.0,32.92894280762565,11.25,4,0,0,401.5,416.0,444.0,422.875,379.5,372.0,373.0,374.0
2016-12-09 11:30:00,197.5,577,379.5,34.22876949740035,11.5,4,0,0,387.0,401.5,430.0,408.625,372.0,373.0,374.0,371.66666666666663
2016-12-09 11:45:00,205.0,577,372.0,35.52859618717504,11.75,4,0,0,379.5,387.0,416.0,396.0,373.0,374.0,371.66666666666663,369.33333333333337
2016-12-09 12:00:00,204.0,577,373.0,35.35528596187175,12.0,4,0,0,372.0,379.5,401.5,385.0,374.0,371.66666666666663,369.33333333333337,367.0
2016-12-09 12:15:00,203.0,577,374.0,35.181975736568454,12.25,4,0,0,373.0,372.0,387.0,377.875,371.66666666666663,369.33333333333337,367.0,368.0
2016-12-09 12:30:00,205.33333333333334,577,371.66666666666663,35.586366262276144,12.5,4,0,0,374.0,373.0,379.5,374.625,369.33333333333337,367.0,368.0,365.33333333333337
2016-12-09 12:45:00,207.66666666666666,577,369.33333333333337,35.99075678798383,12.75,4,0,0,371.66666666666663,374.0,372.0,372.66666666666663,367.0,368.0,365.33333333333337,362.66666666666663
2016-12-09 13:00:00,210.0,577,367.0,36.3951473136915,13.0,4,0,0,369.33333333333337,371.66666666666663,373.0,372.0,368.0,365.33333333333337,362.66666666666663,360.0
2016-12-09 13:15:00,209.0,577,368.0,36.22183708838821,13.25,4,0,0,367.0,369.33333333333337,374.0,370.5,365.33333333333337,362.66666666666663,360.0,360.0
2016-12-09 13:30:00,211.66666666666666,577,365.33333333333337,36.68399768919699,13.5,4,0,0,368.0,367.0,371.66666666666663,369.0,362.66666666666663,360.0,360.0,368.5
2016-12-09 13:45:00,214.33333333333334,577,362.66666666666663,37.14615829000578,13.75,4,0,0,365.33333333333337,368.0,369.33333333333337,367.41666666666674,360.0,360.0,368.5,377.0
2016-12-09 14:00:00,217.0,577,360.0,37.60831889081456,14.0,4,0,0,362.66666666666663,365.33333333333337,367.0,365.75,360.0,368.5,377.0,396.0
2016-12-09 14:15:00,217.0,577,360.0,37.60831889081456,14.25,4,0,0,360.0,362.66666666666663,368.0,364.0,368.5,377.0,396.0,415.0
2016-12-09 14:30:00,208.5,577,368.5,36.13518197573657,14.5,4,0,0,360.0,360.0,365.33333333333337,362.0,377.0,396.0,415.0,416.66666666666663
2016-12-09 14:45:00,200.0,577,377.0,34.66204506065858,14.75,4,0,0,368.5,360.0,362.66666666666663,362.79166666666663,396.0,415.0,416.66666666666663,418.33333333333337
2016-12-09 15:00:00,181.0,577,396.0,31.369150779896017,15.0,4,0,0,377.0,368.5,360.0,366.375,415.0,416.66666666666663,418.33333333333337,420.0
2016-12-09 15:15:00,162.0,577,415.0,28.07625649913345,15.25,4,0,0,396.0,377.0,360.0,375.375,416.66666666666663,418.33333333333337,420.0,441.0
2016-12-09 15:30:00,160.33333333333334,577,416.66666666666663,27.78740612362796,15.5,4,0,0,415.0,396.0,368.5,389.125,418.33333333333337,420.0,441.0,443.08064516129036
2016-12-09 15:45:00,158.66666666666666,577,418.33333333333337,27.49855574812247,15.75,4,0,0,416.66666666666663,415.0,377.0,401.16666666666663,420.0,441.0,443.08064516129036,445.1612903225806
2016-12-10 08:45:00,34.66666666666667,577,542.3333333333334,6.008087810514154,8.75,5,1,1,552.6666666666666,563.0,570.0,563.0416666666666,532.0,493.0,473.0,453.0
2016-12-10 09:00:00,45.0,577,532.0,7.798960138648179,9.0,5,1,1,542.3333333333334,552.6666666666666,566.5,556.125,493.0,473.0,453.0,432.5
2016-12-10 09:15:00,84.0,577,493.0,14.558058925476603,9.25,5,1,1,532.0,542.3333333333334,563.0,547.5,473.0,453.0,432.5,412.0
2016-12-10 09:30:00,104.0,577,473.0,18.02426343154246,9.5,5,1,1,493.0,532.0,552.6666666666666,530.0,453.0,432.5,412.0,400.0
2016-12-10 09:45:00,124.0,577,453.0,21.49046793760832,9.75,5,1,1,473.0,493.0,542.3333333333334,510.08333333333337,432.5,412.0,400.0,388.0
2016-12-10 10:00:00,144.5,577,432.5,25.043327556325824,10.0,5,1,1,453.0,473.0,532.0,487.75,412.0,400.0,388.0,376.0
2016-12-10 10:15:00,165.0,577,412.0,28.596187175043326,10.25,5,1,0,432.5,453.0,493.0,462.875,400.0,388.0,376.0,333.0
2016-12-10 10:30:00,177.0,577,400.0,30.675909878682845,10.5,5,1,0,412.0,432.5,473.0,442.625,388.0,376.0,333.0,316.3333333333333
2016-12-10 10:45:00,189.0,577,388.0,32.755632582322356,10.75,5,1,0,400.0,412.0,453.0,424.375,376.0,333.0,316.3333333333333,299.6666666666667
2016-12-10 11:00:00,201.0,577,376.0,34.835355285961874,11.0,5,1,0,388.0,400.0,432.5,408.125,333.0,316.3333333333333,299.6666666666667,283.0
2016-12-10 11:15:00,244.0,577,333.0,42.287694974003465,11.25,5,1,0,376.0,388.0,412.0,394.0,316.3333333333333,299.6666666666667,283.0,233.0
2016-12-10 11:30:00,260.6666666666667,577,316.3333333333333,45.176198729058356,11.5,5,1,0,333.0,376.0,400.0,374.25,299.6666666666667,283.0,233.0,213.5
2016-12-10 11:45:00,277.3333333333333,577,299.6666666666667,48.064702484113226,11.75,5,1,0,316.3333333333333,333.0,388.0,353.3333333333333,283.0,233.0,213.5,194.0
2016-12-10 12:00:00,294.0,577,283.0,50.95320623916811,12.0,5,1,0,299.6666666666667,316.3333333333333,376.0,331.25,233.0,213.5,194.0,181.5
2016-12-10 12:15:00,344.0,577,233.0,59.61871750433275,12.25,5,1,0,283.0,299.6666666666667,333.0,308.0,213.5,194.0,181.5,169.0
2016-12-10 12:30:00,363.5,577,213.5,62.998266897746966,12.5,5,1,0,233.0,283.0,316.3333333333333,283.0,194.0,181.5,169.0,145.5
2016-12-10 12:45:00,383.0,577,194.0,66.37781629116117,12.75,5,1,0,213.5,233.0,299.6666666666667,257.2916666666667,181.5,169.0,145.5,122.0
2016-12-10 13:00:00,395.5,577,181.5,68.54419410745234,13.0,5,1,0,194.0,213.5,283.0,230.875,169.0,145.5,122.0,116.0
2016-12-10 13:15:00,408.0,577,169.0,70.7105719237435,13.25,5,1,0,181.5,194.0,233.0,205.5,145.5,122.0,116.0,110.0
2016-12-10 13:30:00,431.5,577,145.5,74.78336221837088,13.5,5,1,0,169.0,181.5,213.5,189.5,122.0,116.0,110.0,107.0
2016-12-10 13:45:00,455.0,577,122.0,78.85615251299826,13.75,5,1,0,145.5,169.0,194.0,172.5,116.0,110.0,107.0,104.0
2016-12-10 14:00:00,461.0,577,116.0,79.89601386481803,14.0,5,1,0,122.0,145.5,181.5,154.5,110.0,107.0,104.0,101.0
2016-12-10 14:15:00,467.0,577,110.0,80.93587521663778,14.25,5,1,0,116.0,122.0,169.0,138.125,107.0,104.0,101.0,119.0
2016-12-10 14:30:00,470.0,577,107.0,81.45580589254766,14.5,5,1,0,110.0,116.0,145.5,123.375,104.0,101.0,119.0,121.5
2016-12-10 14:45:00,473.0,577,104.0,81.97573656845753,14.75,5,1,0,107.0,110.0,122.0,113.75,101.0,119.0,121.5,124.0
2016-12-10 15:00:00,476.0,577,101.0,82.49566724436743,15.0,5,1,0,104.0,107.0,116.0,109.25,119.0,121.5,124.0,140.5
2016-12-10 15:15:00,458.0,577,119.0,79.37608318890814,15.25,5,1,0,101.0,104.0,110.0,105.5,121.5,124.0,140.5,157.0
2016-12-10 15:30:00,455.5,577,121.5,78.94280762564992,15.5,5,1,0,119.0,101.0,107.0,107.75,124.0,140.5,157.0,163.6190476190476
2016-12-10 15:45:00,453.0,577,124.0,78.50953206239168,15.75,5,1,0,121.5,119.0,104.0,111.375,140.5,157.0,163.6190476190476,170.23809523809524
2016-12-11 09:00:00,4.0,577,573.0,0.6932409012131715,9.0,6,1,1,574.0,574.5,574.0,574.375,572.0,569.0,566.0,554.0
2016-12-11 09:15:00,5.0,577,572.0,0.8665511265164645,9.25,6,1,1,573.0,574.0,575.0,574.125,569.0,566.0,554.0,542.0
2016-12-11 09:30:00,8.0,577,569.0,1.386481802426343,9.5,6,1,1,572.0,573.0,574.5,573.375,566.0,554.0,542.0,518.5
2016-12-11 09:45:00,11.0,577,566.0,1.9064124783362217,9.75,6,1,1,569.0,572.0,574.0,572.0,554.0,542.0,518.5,495.0
2016-12-11 10:00:00,23.0,577,554.0,3.9861351819757362,10.0,6,1,1,566.0,569.0,573.0,570.0,542.0,518.5,495.0,477.5
2016-12-11 10:15:00,35.0,577,542.0,6.065857885615252,10.25,6,1,0,554.0,566.0,572.0,565.25,518.5,495.0,477.5,460.0
2016-12-11 10:30:00,58.5,577,518.5,10.138648180242635,10.5,6,1,0,542.0,554.0,569.0,557.75,495.0,477.5,460.0,437.5
2016-12-11 10:45:00,82.0,577,495.0,14.211438474870016,10.75,6,1,0,518.5,542.0,566.0,545.125,477.5,460.0,437.5,415.0
2016-12-11 11:00:00,99.5,577,477.5,17.24436741767764,11.0,6,1,0,495.0,518.5,554.0,527.375,460.0,437.5,415.0,401.0
2016-12-11 11:15:00,117.0,577,460.0,20.27729636048527,11.25,6,1,0,477.5,495.0,542.0,508.25,437.5,415.0,401.0,387.0
2016-12-11 11:30:00,139.5,577,437.5,24.176776429809358,11.5,6,1,0,460.0,477.5,518.5,487.75,415.0,401.0,387.0,373.0
2016-12-11 11:45:00,162.0,577,415.0,28.07625649913345,11.75,6,1,0,437.5,460.0,495.0,467.5,401.0,387.0,373.0,346.5
2016-12-11 12:00:00,176.0,577,401.0,30.502599653379548,12.0,6,1,0,415.0,437.5,477.5,447.5,387.0,373.0,346.5,320.0
2016-12-11 12:15:00,190.0,577,387.0,32.92894280762565,12.25,6,1,0,401.0,415.0,460.0,428.375,373.0,346.5,320.0,289.0
2016-12-11 12:30:00,204.0,577,373.0,35.35528596187175,12.5,6,1,0,387.0,401.0,437.5,410.125,346.5,320.0,289.0,276.0
2016-12-11 12:45:00,230.5,577,346.5,39.948006932409015,12.75,6,1,0,373.0,387.0,415.0,394.0,320.0,289.0,276.0,263.0
2016-12-11 13:00:00,257.0,577,320.0,44.54072790294627,13.0,6,1,0,346.5,373.0,401.0,376.875,289.0,276.0,263.0,259.6666666666667
2016-12-11 13:15:00,288.0,577,289.0,49.91334488734835,13.25,6,1,0,320.0,346.5,387.0,356.625,276.0,263.0,259.6666666666667,256.3333333333333
2016-12-11 13:30:00,301.0,577,276.0,52.16637781629117,13.5,6,1,0,289.0,320.0,373.0,332.125,263.0,259.6666666666667,256.3333333333333,253.0
2016-12-11 13:45:00,314.0,577,263.0,54.41941074523397,13.75,6,1,0,276.0,289.0,346.5,307.875,259.6666666666667,256.3333333333333,253.0,252.0
2016-12-11 14:00:00,317.3333333333333,577,259.6666666666667,54.99711149624494,14.0,6,1,0,263.0,276.0,320.0,287.0,256.3333333333333,253.0,252.0,252.5
2016-12-11 14:15:00,320.6666666666667,577,256.3333333333333,55.57481224725592,14.25,6,1,0,259.6666666666667,263.0,289.0,271.9166666666667,253.0,252.0,252.5,253.0
2016-12-11 14:30:00,324.0,577,253.0,56.1525129982669,14.5,6,1,0,256.3333333333333,259.6666666666667,276.0,263.75,252.0,252.5,253.0,272.5
2016-12-11 14:45:00,325.0,577,252.0,56.32582322357019,14.75,6,1,0,253.0,256.3333333333333,263.0,258.0,252.5,253.0,272.5,292.0
2016-12-11 15:00:00,324.5,577,252.5,56.23916811091855,15.0,6,1,0,252.0,253.0,259.6666666666667,255.25,253.0,272.5,292.0,307.0
2016-12-11 15:15:00,324.0,577,253.0,56.1525129982669,15.25,6,1,0,252.5,252.0,256.3333333333333,253.45833333333331,272.5,292.0,307.0,322.0
2016-12-11 15:30:00,304.5,577,272.5,52.772963604852684,15.5,6,1,0,253.0,252.5,253.0,252.625,292.0,307.0,322.0,325.93650793650795
2016-12-11 15:45:00,285.0,577,292.0,49.393414211438476,15.75,6,1,0,272.5,253.0,252.0,257.5,307.0,322.0,325.93650793650795,329.8730158730159
2016-12-12 09:00:00,23.0,577,554.0,3.9861351819757362,9.0,0,0,1,558.0,562.0,570.0,564.0,537.0,525.3333333333334,513.6666666666666,502.0
2016-12-12 09:15:00,40.0,577,537.0,6.932409012131716,9.25,0,0,1,554.0,558.0,566.0,560.0,525.3333333333334,513.6666666666666,502.0,478.0
2016-12-12 09:30:00,51.666666666666664,577,525.3333333333334,8.954361640670133,9.5,0,0,1,537.0,554.0,562.0,552.75,513.6666666666666,502.0,478.0,463.6666666666667
2016-12-12 09:45:00,63.33333333333333,577,513.6666666666666,10.97631426920855,9.75,0,0,1,525.3333333333334,537.0,558.0,543.5833333333334,502.0,478.0,463.6666666666667,449.3333333333333
2016-12-12 10:00:00,75.0,577,502.0,12.99826689774697,10.0,0,0,1,513.6666666666666,525.3333333333334,554.0,532.5,478.0,463.6666666666667,449.3333333333333,435.0
2016-12-12 10:15:00,99.0,577,478.0,17.157712305025996,10.25,0,0,0,502.0,513.6666666666666,537.0,519.5,463.6666666666667,449.3333333333333,435.0,420.0
2016-12-12 10:30:00,113.33333333333333,577,463.6666666666667,19.641825534373194,10.5,0,0,0,478.0,502.0,525.3333333333334,504.75,449.3333333333333,435.0,420.0,420.0
2016-12-12 10:45:00,127.66666666666667,577,449.3333333333333,22.12593876372039,10.75,0,0,0,463.6666666666667,478.0,513.6666666666666,489.3333333333333,435.0,420.0,420.0,420.0
2016-12-12 11:00:00,142.0,577,435.0,24.610051993067593,11.0,0,0,0,449.3333333333333,463.6666666666667,502.0,473.25,420.0,420.0,420.0,415.0
2016-12-12 11:15:00,157.0,577,420.0,27.209705372616984,11.25,0,0,0,435.0,449.3333333333333,478.0,456.5,420.0,420.0,415.0,410.0
2016-12-12 11:30:00,157.0,577,420.0,27.209705372616984,11.5,0,0,0,420.0,435.0,463.6666666666667,442.0,420.0,415.0,410.0,403.0
2016-12-12 11:45:00,157.0,577,420.0,27.209705372616984,11.75,0,0,0,420.0,420.0,449.3333333333333,431.0833333333333,415.0,410.0,403.0,396.0
2016-12-12 12:00:00,162.0,577,415.0,28.07625649913345,12.0,0,0,0,420.0,420.0,435.0,423.75,410.0,403.0,396.0,392.0
2016-12-12 12:15:00,167.0,577,410.0,28.942807625649912,12.25,0,0,0,415.0,420.0,420.0,418.75,403.0,396.0,392.0,388.0
2016-12-12 12:30:00,174.0,577,403.0,30.155979202772965,12.5,0,0,0,410.0,415.0,420.0,416.25,396.0,392.0,388.0,389.66666666666663
2016-12-12 12:45:00,181.0,577,396.0,31.369150779896017,12.75,0,0,0,403.0,410.0,420.0,412.0,392.0,388.0,389.66666666666663,391.33333333333337
2016-12-12 13:00:00,185.0,577,392.0,32.06239168110919,13.0,0,0,0,396.0,403.0,415.0,406.0,388.0,389.66666666666663,391.33333333333337,393.0
2016-12-12 13:15:00,189.0,577,388.0,32.755632582322356,13.25,0,0,0,392.0,396.0,410.0,400.25,389.66666666666663,391.33333333333337,393.0,412.0
2016-12-12 13:30:00,187.33333333333334,577,389.66666666666663,32.466782206816866,13.5,0,0,0,388.0,392.0,403.0,394.75,391.33333333333337,393.0,412.0,415.0
2016-12-12 13:45:00,185.66666666666666,577,391.33333333333337,32.177931831311376,13.75,0,0,0,389.66666666666663,388.0,396.0,391.41666666666663,393.0,412.0,415.0,418.0
2016-12-12 14:00:00,184.0,577,393.0,31.88908145580589,14.0,0,0,0,391.33333333333337,389.66666666666663,392.0,390.25,412.0,415.0,418.0,432.0
2016-12-12 14:15:00,165.0,577,412.0,28.596187175043326,14.25,0,0,0,393.0,391.33333333333337,388.0,390.5,415.0,418.0,432.0,446.0
2016-12-12 14:30:00,162.0,577,415.0,28.07625649913345,14.5,0,0,0,412.0,393.0,389.66666666666663,396.5,418.0,432.0,446.0,454.0
2016-12-12 14:45:00,159.0,577,418.0,27.55632582322357,14.75,0,0,0,415.0,412.0,391.33333333333337,402.83333333333337,432.0,446.0,454.0,462.0
2016-12-12 15:00:00,145.0,577,432.0,25.12998266897747,15.0,0,0,0,418.0,415.0,393.0,409.5,446.0,454.0,462.0,472.0
2016-12-12 15:15:00,131.0,577,446.0,22.703639514731368,15.25,0,0,0,432.0,418.0,412.0,419.25,454.0,462.0,472.0,482.0
2016-12-12 15:30:00,123.0,577,454.0,21.317157712305026,15.5,0,0,0,446.0,432.0,415.0,427.75,462.0,472.0,482.0,483.2857142857143
2016-12-12 15:45:00,115.0,577,462.0,19.930675909878683,15.75,0,0,0,454.0,446.0,418.0,437.5,472.0,482.0,483.2857142857143,484.57142857142856
2016-12-13 09:00:00,33.0,577,544.0,5.719237435008666,9.0,1,0,1,548.3333333333334,552.6666666666666,563.0,555.25,518.0,502.0,486.0,465.5
2016-12-13 09:15:00,59.0,577,518.0,10.22530329289428,9.25,1,0,1,544.0,548.3333333333334,557.0,550.5,502.0,486.0,465.5,445.0
2016-12-13 09:30:00,75.0,577,502.0,12.99826689774697,9.5,1,0,1,518.0,544.0,552.6666666666666,540.75,486.0,465.5,445.0,430.66666666666663
2016-12-13 09:45:00,91.0,577,486.0,15.771230502599654,9.75,1,0,1,502.0,518.0,548.3333333333334,528.0833333333334,465.5,445.0,430.66666666666663,416.33333333333337
2016-12-13 10:00:00,111.5,577,465.5,19.32409012131716,10.0,1,0,1,486.0,502.0,544.0,512.5,445.0,430.66666666666663,416.33333333333337,402.0
2016-12-13 10:15:00,132.0,577,445.0,22.876949740034664,10.25,1,0,0,465.5,486.0,518.0,492.875,430.66666666666663,416.33333333333337,402.0,392.0
2016-12-13 10:30:00,146.33333333333334,577,430.66666666666663,25.361062969381866,10.5,1,0,0,445.0,465.5,502.0,474.625,416.33333333333337,402.0,392.0,384.0
2016-12-13 10:45:00,160.66666666666666,577,416.33333333333337,27.845176198729053,10.75,1,0,0,430.66666666666663,445.0,486.0,456.79166666666663,402.0,392.0,384.0,376.0
2016-12-13 11:00:00,175.0,577,402.0,30.329289428076255,11.0,1,0,0,416.33333333333337,430.66666666666663,465.5,439.375,392.0,384.0,376.0,368.0
2016-12-13 11:15:00,185.0,577,392.0,32.06239168110919,11.25,1,0,0,402.0,416.33333333333337,445.0,423.5,384.0,376.0,368.0,361.0
2016-12-13 11:30:00,193.0,577,384.0,33.44887348353553,11.5,1,0,0,392.0,402.0,430.66666666666663,410.25,376.0,368.0,361.0,357.33333333333337
2016-12-13 11:45:00,201.0,577,376.0,34.835355285961874,11.75,1,0,0,384.0,392.0,416.33333333333337,398.58333333333337,368.0,361.0,357.33333333333337,353.66666666666663
2016-12-13 12:00:00,209.0,577,368.0,36.22183708838821,12.0,1,0,0,376.0,384.0,402.0,388.5,361.0,357.33333333333337,353.66666666666663,350.0
2016-12-13 12:15:00,216.0,577,361.0,37.43500866551127,12.25,1,0,0,368.0,376.0,392.0,380.0,357.33333333333337,353.66666666666663,350.0,355.66666666666663
2016-12-13 12:30:00,219.66666666666666,577,357.33333333333337,38.07047949162334,12.5,1,0,0,361.0,368.0,384.0,372.25,353.66666666666663,350.0,355.66666666666663,361.33333333333337
2016-12-13 12:45:00,223.33333333333334,577,353.66666666666663,38.705950317735415,12.75,1,0,0,357.33333333333337,361.0,376.0,365.58333333333337,350.0,355.66666666666663,361.33333333333337,367.0
2016-12-13 13:00:00,227.0,577,350.0,39.34142114384749,13.0,1,0,0,353.66666666666663,357.33333333333337,368.0,360.0,355.66666666666663,361.33333333333337,367.0,381.5
2016-12-13 13:15:00,221.33333333333334,577,355.66666666666663,38.35932986712883,13.25,1,0,0,350.0,353.66666666666663,361.0,355.5,361.33333333333337,367.0,381.5,396.0
2016-12-13 13:30:00,215.66666666666666,577,361.33333333333337,37.377238590410165,13.5,1,0,0,355.66666666666663,350.0,357.33333333333337,354.16666666666663,367.0,381.5,396.0,407.0
2016-12-13 13:45:00,210.0,577,367.0,36.3951473136915,13.75,1,0,0,361.33333333333337,355.66666666666663,353.66666666666663,355.16666666666663,381.5,396.0,407.0,418.0
2016-12-13 14:00:00,195.5,577,381.5,33.882149046793764,14.0,1,0,0,367.0,361.33333333333337,350.0,358.5,396.0,407.0,418.0,433.0
2016-12-13 14:15:00,181.0,577,396.0,31.369150779896017,14.25,1,0,0,381.5,367.0,355.66666666666663,366.375,407.0,418.0,433.0,448.0
2016-12-13 14:30:00,170.0,577,407.0,29.462738301559792,14.5,1,0,0,396.0,381.5,361.33333333333337,376.45833333333337,418.0,433.0,448.0,456.6666666666667
2016-12-13 14:45:00,159.0,577,418.0,27.55632582322357,14.75,1,0,0,407.0,396.0,367.0,387.875,433.0,448.0,456.6666666666667,465.3333333333333
2016-12-13 15:00:00,144.0,577,433.0,24.956672443674176,15.0,1,0,0,418.0,407.0,381.5,400.625,448.0,456.6666666666667,465.3333333333333,474.0
2016-12-13 15:15:00,129.0,577,448.0,22.357019064124785,15.25,1,0,0,433.0,418.0,396.0,413.5,456.6666666666667,465.3333333333333,474.0,489.0
2016-12-13 15:30:00,120.33333333333333,577,456.6666666666667,20.854997111496242,15.5,1,0,0,448.0,433.0,407.0,426.5,465.3333333333333,474.0,489.0,490.1746031746032
2016-12-13 15:45:00,111.66666666666667,577,465.3333333333333,19.352975158867707,15.75,1,0,0,456.6666666666667,448.0,418.0,438.9166666666667,474.0,489.0,490.1746031746032,491.3492063492064
2016-12-14 09:00:00,22.0,577,555.0,3.8128249566724435,9.0,2,0,1,557.0,559.0,563.0,560.0,535.0,522.3333333333334,509.6666666666667,497.0
2016-12-14 09:15:00,42.0,577,535.0,7.279029462738301,9.25,2,0,1,555.0,557.0,561.0,558.0,522.3333333333334,509.6666666666667,497.0,485.5
2016-12-14 09:30:00,54.666666666666664,577,522.3333333333334,9.474292316580012,9.5,2,0,1,535.0,555.0,559.0,551.5,509.6666666666667,497.0,485.5,474.0
2016-12-14 09:45:00,67.33333333333333,577,509.6666666666667,11.66955517042172,9.75,2,0,1,522.3333333333334,535.0,557.0,542.3333333333334,497.0,485.5,474.0,462.5
2016-12-14 10:00:00,80.0,577,497.0,13.864818024263432,10.0,2,0,1,509.6666666666667,522.3333333333334,555.0,530.5,485.5,474.0,462.5,451.0
2016-12-14 12:30:00,177.0,577,400.0,30.675909878682845,12.5,2,0,0,403.5,407.0,428.0,414.0,388.5,377.0,371.0,373.66666666666663
2016-12-14 12:45:00,188.5,577,388.5,32.668977469670715,12.75,2,0,0,400.0,403.5,417.5,407.0,377.0,371.0,373.66666666666663,376.33333333333337
2016-12-14 13:00:00,200.0,577,377.0,34.66204506065858,13.0,2,0,0,388.5,400.0,407.0,399.75,371.0,373.66666666666663,376.33333333333337,379.0
2016-12-14 13:15:00,206.0,577,371.0,35.70190641247834,13.25,2,0,0,377.0,388.5,403.5,392.25,373.66666666666663,376.33333333333337,379.0,391.5
2016-12-14 13:30:00,203.33333333333334,577,373.66666666666663,35.23974581166956,13.5,2,0,0,371.0,377.0,400.0,384.125,376.33333333333337,379.0,391.5,404.0
2016-12-14 13:45:00,200.66666666666666,577,376.33333333333337,34.77758521086077,13.75,2,0,0,373.66666666666663,371.0,388.5,377.5416666666667,379.0,391.5,404.0,416.0
2016-12-14 14:00:00,198.0,577,379.0,34.31542461005199,14.0,2,0,0,376.33333333333337,373.66666666666663,377.0,374.5,391.5,404.0,416.0,422.33333333333337
2016-12-14 14:15:00,185.5,577,391.5,32.14904679376083,14.25,2,0,0,379.0,376.33333333333337,371.0,375.0,404.0,416.0,422.33333333333337,428.66666666666663
2016-12-14 14:30:00,173.0,577,404.0,29.98266897746967,14.5,2,0,0,391.5,379.0,373.66666666666663,380.125,416.0,422.33333333333337,428.66666666666663,435.0
2016-12-14 14:45:00,161.0,577,416.0,27.902946273830153,14.75,2,0,0,404.0,391.5,376.33333333333337,387.7083333333333,422.33333333333337,428.66666666666663,435.0,432.0
2016-12-14 15:00:00,154.66666666666666,577,422.33333333333337,26.8053148469093,15.0,2,0,0,416.0,404.0,379.0,397.625,428.66666666666663,435.0,432.0,435.66666666666663
2016-12-14 15:15:00,148.33333333333334,577,428.66666666666663,25.70768341998845,15.25,2,0,0,422.33333333333337,416.0,391.5,408.45833333333337,435.0,432.0,435.66666666666663,439.33333333333337
2016-12-14 15:30:00,142.0,577,435.0,24.610051993067593,15.5,2,0,0,428.66666666666663,422.33333333333337,404.0,417.75,432.0,435.66666666666663,439.33333333333337,443.0
2016-12-14 15:45:00,145.0,577,432.0,25.12998266897747,15.75,2,0,0,435.0,428.66666666666663,416.0,425.5,435.66666666666663,439.33333333333337,443.0,444.9672131147541
2016-12-14 16:00:00,141.33333333333334,577,435.66666666666663,24.494511842865396,16.0,2,0,0,432.0,435.0,422.33333333333337,429.5,439.33333333333337,443.0,444.9672131147541,446.9344262295082
2016-12-15 08:45:00,25.0,577,552.0,4.332755632582322,8.75,3,0,1,558.0,559.6666666666666,563.0,560.5,546.0,530.0,514.0,477.0
2016-12-15 09:00:00,31.0,577,546.0,5.37261698440208,9.0,3,0,1,552.0,558.0,561.3333333333334,557.75,530.0,514.0,477.0,464.6666666666667
2016-12-15 09:15:00,47.0,577,530.0,8.145580589254767,9.25,3,0,1,546.0,552.0,559.6666666666666,553.9166666666666,514.0,477.0,464.6666666666667,452.3333333333333
2016-12-15 09:30:00,63.0,577,514.0,10.918544194107453,9.5,3,0,1,530.0,546.0,558.0,546.5,477.0,464.6666666666667,452.3333333333333,440.0
2016-12-15 09:45:00,100.0,577,477.0,17.33102253032929,9.75,3,0,1,514.0,530.0,552.0,535.5,464.6666666666667,452.3333333333333,440.0,424.0
2016-12-15 10:00:00,112.33333333333333,577,464.6666666666667,19.4685153090699,10.0,3,0,1,477.0,514.0,546.0,516.75,452.3333333333333,440.0,424.0,408.0
2016-12-15 10:15:00,124.66666666666667,577,452.3333333333333,21.606008087810515,10.25,3,0,0,464.6666666666667,477.0,530.0,496.4166666666667,440.0,424.0,408.0,392.0
2016-12-15 10:30:00,137.0,577,440.0,23.743500866551127,10.5,3,0,0,452.3333333333333,464.6666666666667,514.0,477.0,424.0,408.0,392.0,382.0
2016-12-15 10:45:00,153.0,577,424.0,26.51646447140381,10.75,3,0,0,440.0,452.3333333333333,477.0,458.5,408.0,392.0,382.0,372.0
2016-12-15 11:00:00,169.0,577,408.0,29.289428076256502,11.0,3,0,0,424.0,440.0,464.6666666666667,445.25,392.0,382.0,372.0,362.0
2016-12-15 11:15:00,185.0,577,392.0,32.06239168110919,11.25,3,0,0,408.0,424.0,452.3333333333333,431.0833333333333,382.0,372.0,362.0,349.0
2016-12-15 11:30:00,195.0,577,382.0,33.795493934142115,11.5,3,0,0,392.0,408.0,440.0,416.0,372.0,362.0,349.0,352.0
2016-12-15 11:45:00,205.0,577,372.0,35.52859618717504,11.75,3,0,0,382.0,392.0,424.0,401.5,362.0,349.0,352.0,355.0
2016-12-15 12:00:00,215.0,577,362.0,37.26169844020797,12.0,3,0,0,372.0,382.0,408.0,388.5,349.0,352.0,355.0,358.0
2016-12-15 12:15:00,228.0,577,349.0,39.51473136915078,12.25,3,0,0,362.0,372.0,392.0,377.0,352.0,355.0,358.0,370.0
2016-12-15 12:30:00,225.0,577,352.0,38.9948006932409,12.5,3,0,0,349.0,362.0,382.0,366.25,355.0,358.0,370.0,371.33333333333337
2016-12-15 12:45:00,222.0,577,355.0,38.47487001733102,12.75,3,0,0,352.0,349.0,372.0,358.75,358.0,370.0,371.33333333333337,372.66666666666663
2016-12-15 13:00:00,219.0,577,358.0,37.954939341421145,13.0,3,0,0,355.0,352.0,362.0,354.5,370.0,371.33333333333337,372.66666666666663,374.0
2016-12-15 13:15:00,207.0,577,370.0,35.875216637781634,13.25,3,0,0,358.0,355.0,349.0,353.5,371.33333333333337,372.66666666666663,374.0,394.0
2016-12-15 13:30:00,205.66666666666666,577,371.33333333333337,35.64413633737723,13.5,3,0,0,370.0,358.0,352.0,358.75,372.66666666666663,374.0,394.0,400.33333333333337
2016-12-15 13:45:00,204.33333333333334,577,372.66666666666663,35.413056036972854,13.75,3,0,0,371.33333333333337,370.0,355.0,363.58333333333337,374.0,394.0,400.33333333333337,406.66666666666663
2016-12-15 14:00:00,203.0,577,374.0,35.181975736568454,14.0,3,0,0,372.66666666666663,371.33333333333337,358.0,368.0,394.0,400.33333333333337,406.66666666666663,413.0
2016-12-15 14:15:00,183.0,577,394.0,31.715771230502597,14.25,3,0,0,374.0,372.66666666666663,370.0,372.0,400.33333333333337,406.66666666666663,413.0,429.0
2016-12-15 14:30:00,176.66666666666666,577,400.33333333333337,30.618139803581744,14.5,3,0,0,394.0,374.0,371.33333333333337,378.0,406.66666666666663,413.0,429.0,431.66666666666663
2016-12-15 14:45:00,170.33333333333334,577,406.66666666666663,29.520508376660892,14.75,3,0,0,400.33333333333337,394.0,372.66666666666663,385.25,413.0,429.0,431.66666666666663,434.33333333333337
2016-12-15 15:00:00,164.0,577,413.0,28.422876949740033,15.0,3,0,0,406.66666666666663,400.33333333333337,374.0,393.75,429.0,431.66666666666663,434.33333333333337,437.0
2016-12-15 15:15:00,148.0,577,429.0,25.64991334488735,15.25,3,0,0,413.0,406.66666666666663,394.0,403.5,431.66666666666663,434.33333333333337,437.0,442.0
2016-12-15 15:30:00,145.33333333333334,577,431.66666666666663,25.18775274407857,15.5,3,0,0,429.0,413.0,400.33333333333337,412.25,434.33333333333337,437.0,442.0,447.0
2016-12-15 15:45:00,142.66666666666666,577,434.33333333333337,24.725592143269782,15.75,3,0,0,431.66666666666663,429.0,406.66666666666663,420.08333333333326,437.0,442.0,447.0,448.95081967213116
2016-12-15 16:00:00,140.0,577,437.0,24.263431542461007,16.0,3,0,0,434.33333333333337,431.66666666666663,413.0,427.0,442.0,447.0,448.95081967213116,450.9016393442623
2016-12-16 08:45:00,27.0,577,550.0,4.679376083188909,8.75,4,0,1,558.0,560.6666666666666,566.0,562.0,542.0,525.5,509.0,491.0
2016-12-16 09:00:00,35.0,577,542.0,6.065857885615252,9.0,4,0,1,550.0,558.0,563.3333333333334,558.0,525.5,509.0,491.0,473.0
2016-12-16 09:15:00,51.5,577,525.5,8.925476603119584,9.25,4,0,1,542.0,550.0,560.6666666666666,552.6666666666666,509.0,491.0,473.0,447.0
2016-12-16 09:30:00,68.0,577,509.0,11.785095320623917,9.5,4,0,1,525.5,542.0,558.0,543.875,491.0,473.0,447.0,439.33333333333337
2016-12-16 09:45:00,86.0,577,491.0,14.904679376083187,9.75,4,0,1,509.0,525.5,550.0,531.625,473.0,447.0,439.33333333333337,431.66666666666663
2016-12-16 10:00:00,104.0,577,473.0,18.02426343154246,10.0,4,0,1,491.0,509.0,542.0,516.875,447.0,439.33333333333337,431.66666666666663,424.0
2016-12-16 10:15:00,130.0,577,447.0,22.530329289428074,10.25,4,0,0,473.0,491.0,525.5,499.625,439.33333333333337,431.66666666666663,424.0,417.5
2016-12-16 10:30:00,137.66666666666666,577,439.33333333333337,23.85904101675332,10.5,4,0,0,447.0,473.0,509.0,480.0,431.66666666666663,424.0,417.5,411.0
2016-12-16 10:45:00,145.33333333333334,577,431.66666666666663,25.18775274407857,10.75,4,0,0,439.33333333333337,447.0,491.0,462.58333333333337,424.0,417.5,411.0,401.0
2016-12-16 11:00:00,153.0,577,424.0,26.51646447140381,11.0,4,0,0,431.66666666666663,439.33333333333337,473.0,447.75,417.5,411.0,401.0,400.0
2016-12-16 11:15:00,159.5,577,417.5,27.642980935875215,11.25,4,0,0,424.0,431.66666666666663,447.0,435.5,411.0,401.0,400.0,399.0
2016-12-16 11:30:00,166.0,577,411.0,28.769497400346623,11.5,4,0,0,417.5,424.0,439.33333333333337,428.125,401.0,400.0,399.0,398.0
2016-12-16 11:45:00,176.0,577,401.0,30.502599653379548,11.75,4,0,0,411.0,417.5,431.66666666666663,421.04166666666663,400.0,399.0,398.0,405.0
2016-12-16 12:00:00,177.0,577,400.0,30.675909878682845,12.0,4,0,0,401.0,411.0,424.0,413.375,399.0,398.0,405.0,400.66666666666663
2016-12-16 12:15:00,178.0,577,399.0,30.849220103986134,12.25,4,0,0,400.0,401.0,417.5,407.375,398.0,405.0,400.66666666666663,396.33333333333337
2016-12-16 12:30:00,179.0,577,398.0,31.022530329289427,12.5,4,0,0,399.0,400.0,411.0,402.75,405.0,400.66666666666663,396.33333333333337,392.0
2016-12-16 12:45:00,172.0,577,405.0,29.809358752166375,12.75,4,0,0,398.0,399.0,401.0,399.5,400.66666666666663,396.33333333333337,392.0,395.0
2016-12-16 13:00:00,176.33333333333334,577,400.66666666666663,30.560369728480648,13.0,4,0,0,405.0,398.0,400.0,400.5,396.33333333333337,392.0,395.0,392.33333333333337
2016-12-16 13:15:00,180.66666666666666,577,396.33333333333337,31.311380704794917,13.25,4,0,0,400.66666666666663,405.0,399.0,400.66666666666663,392.0,395.0,392.33333333333337,389.66666666666663
2016-12-16 13:30:00,185.0,577,392.0,32.06239168110919,13.5,4,0,0,396.33333333333337,400.66666666666663,398.0,400.0,395.0,392.33333333333337,389.66666666666663,387.0
2016-12-16 13:45:00,182.0,577,395.0,31.542461005199307,13.75,4,0,0,392.0,396.33333333333337,405.0,398.5,392.33333333333337,389.66666666666663,387.0,390.0
2016-12-16 14:00:00,184.66666666666666,577,392.33333333333337,32.00462160600809,14.0,4,0,0,395.0,392.0,400.66666666666663,396.0,389.66666666666663,387.0,390.0,388.0
2016-12-16 14:15:00,187.33333333333334,577,389.66666666666663,32.466782206816866,14.25,4,0,0,392.33333333333337,395.0,396.33333333333337,393.91666666666674,387.0,390.0,388.0,386.0
2016-12-16 14:30:00,190.0,577,387.0,32.92894280762565,14.5,4,0,0,389.66666666666663,392.33333333333337,392.0,392.25,390.0,388.0,386.0,384.0
2016-12-16 14:45:00,187.0,577,390.0,32.40901213171577,14.75,4,0,0,387.0,389.66666666666663,395.0,391.0,388.0,386.0,384.0,396.5
2016-12-16 15:00:00,189.0,577,388.0,32.755632582322356,15.0,4,0,0,390.0,387.0,392.33333333333337,389.75,386.0,384.0,396.5,409.0
2016-12-16 15:15:00,191.0,577,386.0,33.10225303292894,15.25,4,0,0,388.0,390.0,389.66666666666663,388.66666666666663,384.0,396.5,409.0,424.5
2016-12-16 15:30:00,193.0,577,384.0,33.44887348353553,15.5,4,0,0,386.0,388.0,387.0,387.75,396.5,409.0,424.5,440.0
2016-12-16 15:45:00,180.5,577,396.5,31.28249566724437,15.75,4,0,0,384.0,386.0,390.0,387.0,409.0,424.5,440.0,441.9672131147541
2016-12-16 16:00:00,168.0,577,409.0,29.116117850953206,16.0,4,0,0,396.5,384.0,388.0,388.625,424.5,440.0,441.9672131147541,443.9344262295082
2016-12-17 08:45:00,42.66666666666667,577,534.3333333333334,7.394569612940498,8.75,5,1,1,542.6666666666666,551.0,560.0,552.2916666666666,526.0,495.0,471.5,448.0
2016-12-17 09:00:00,51.0,577,526.0,8.838821490467938,9.0,5,1,1,534.3333333333334,542.6666666666666,555.5,545.875,495.0,471.5,448.0,434.0
2016-12-17 09:15:00,82.0,577,495.0,14.211438474870016,9.25,5,1,1,526.0,534.3333333333334,551.0,538.5,471.5,448.0,434.0,420.0
2016-12-17 09:30:00,105.5,577,471.5,18.284228769497403,9.5,5,1,1,495.0,526.0,542.6666666666666,524.5,448.0,434.0,420.0,406.0
2016-12-17 09:45:00,129.0,577,448.0,22.357019064124785,9.75,5,1,1,471.5,495.0,534.3333333333334,506.70833333333337,434.0,420.0,406.0,384.0
2016-12-17 10:00:00,143.0,577,434.0,24.783362218370883,10.0,5,1,1,448.0,471.5,526.0,485.125,420.0,406.0,384.0,362.0
2016-12-17 10:15:00,157.0,577,420.0,27.209705372616984,10.25,5,1,0,434.0,448.0,495.0,462.125,406.0,384.0,362.0,338.0
2016-12-17 10:30:00,171.0,577,406.0,29.636048526863085,10.5,5,1,0,420.0,434.0,471.5,443.375,384.0,362.0,338.0,314.0
2016-12-17 10:45:00,193.0,577,384.0,33.44887348353553,10.75,5,1,0,406.0,420.0,448.0,427.0,362.0,338.0,314.0,293.5
2016-12-17 11:00:00,215.0,577,362.0,37.26169844020797,11.0,5,1,0,384.0,406.0,434.0,411.0,338.0,314.0,293.5,273.0
2016-12-17 11:15:00,239.0,577,338.0,41.421143847487,11.25,5,1,0,362.0,384.0,420.0,393.0,314.0,293.5,273.0,240.0
2016-12-17 11:30:00,263.0,577,314.0,45.58058925476603,11.5,5,1,0,338.0,362.0,406.0,372.5,293.5,273.0,240.0,234.66666666666669
2016-12-17 11:45:00,283.5,577,293.5,49.13344887348354,11.75,5,1,0,314.0,338.0,384.0,349.5,273.0,240.0,234.66666666666669,229.33333333333331
2016-12-17 12:00:00,304.0,577,273.0,52.686308492201036,12.0,5,1,0,293.5,314.0,362.0,326.875,240.0,234.66666666666669,229.33333333333331,224.0
2016-12-17 12:15:00,337.0,577,240.0,58.4055459272097,12.25,5,1,0,273.0,293.5,338.0,304.625,234.66666666666669,229.33333333333331,224.0,199.0
2016-12-17 12:30:00,342.3333333333333,577,234.66666666666669,59.32986712882726,12.5,5,1,0,240.0,273.0,314.0,280.125,229.33333333333331,224.0,199.0,186.0
2016-12-17 12:45:00,347.6666666666667,577,229.33333333333331,60.25418833044483,12.75,5,1,0,234.66666666666669,240.0,293.5,260.2916666666667,224.0,199.0,186.0,173.0
2016-12-17 13:00:00,353.0,577,224.0,61.178509532062385,13.0,5,1,0,229.33333333333331,234.66666666666669,273.0,244.25,199.0,186.0,173.0,160.0
2016-12-17 13:15:00,378.0,577,199.0,65.51126516464471,13.25,5,1,0,224.0,229.33333333333331,240.0,232.0,186.0,173.0,160.0,148.5
2016-12-17 13:30:00,391.0,577,186.0,67.76429809358753,13.5,5,1,0,199.0,224.0,234.66666666666669,221.75,173.0,160.0,148.5,137.0
2016-12-17 13:45:00,404.0,577,173.0,70.01733102253033,13.75,5,1,0,186.0,199.0,229.33333333333331,209.58333333333331,160.0,148.5,137.0,135.5
2016-12-17 14:00:00,417.0,577,160.0,72.27036395147314,14.0,5,1,0,173.0,186.0,224.0,195.5,148.5,137.0,135.5,134.0
2016-12-17 14:15:00,428.5,577,148.5,74.263431542461,14.25,5,1,0,160.0,173.0,199.0,179.5,137.0,135.5,134.0,148.0
2016-12-17 14:30:00,440.0,577,137.0,76.25649913344887,14.5,5,1,0,148.5,160.0,186.0,166.875,135.5,134.0,148.0,162.0
2016-12-17 14:45:00,441.5,577,135.5,76.51646447140381,14.75,5,1,0,137.0,148.5,173.0,154.625,134.0,148.0,162.0,198.0
2016-12-17 15:00:00,443.0,577,134.0,76.77642980935875,15.0,5,1,0,135.5,137.0,160.0,145.25,148.0,162.0,198.0,205.66666666666669
2016-12-17 15:15:00,429.0,577,148.0,74.35008665511266,15.25,5,1,0,134.0,135.5,148.5,138.75,162.0,198.0,205.66666666666669,213.33333333333331
2016-12-17 15:30:00,415.0,577,162.0,71.92374350086655,15.5,5,1,0,148.0,134.0,137.0,138.625,198.0,205.66666666666669,213.33333333333331,221.0
2016-12-17 15:45:00,379.0,577,198.0,65.68457538994801,15.75,5,1,0,162.0,148.0,135.5,144.875,205.66666666666669,213.33333333333331,221.0,226.67741935483872
2016-12-17 16:00:00,371.3333333333333,577,205.66666666666669,64.35586366262275,16.0,5,1,0,198.0,162.0,134.0,160.5,213.33333333333331,221.0,226.67741935483872,232.35483870967744
2016-12-18 09:00:00,6.666666666666667,577,570.3333333333334,1.1554015020219526,9.0,6,1,1,571.0,573.0,573.0,572.5,569.6666666666666,569.0,559.0,550.3333333333334
2016-12-18 09:15:00,7.333333333333333,577,569.6666666666666,1.270941652224148,9.25,6,1,1,570.3333333333334,571.0,573.0,571.8333333333334,569.0,559.0,550.3333333333334,541.6666666666666
2016-12-18 09:30:00,8.0,577,569.0,1.386481802426343,9.5,6,1,1,569.6666666666666,570.3333333333334,573.0,571.0,559.0,550.3333333333334,541.6666666666666,533.0
2016-12-18 09:45:00,18.0,577,559.0,3.119584055459272,9.75,6,1,1,569.0,569.6666666666666,571.0,570.0,550.3333333333334,541.6666666666666,533.0,510.5
2016-12-18 10:00:00,26.666666666666664,577,550.3333333333334,4.62160600808781,10.0,6,1,1,559.0,569.0,570.3333333333334,567.0,541.6666666666666,533.0,510.5,488.0
2016-12-18 10:15:00,35.33333333333333,577,541.6666666666666,6.123627960716348,10.25,6,1,0,550.3333333333334,559.0,569.6666666666666,562.0,533.0,510.5,488.0,465.0
2016-12-18 10:30:00,44.0,577,533.0,7.625649913344887,10.5,6,1,0,541.6666666666666,550.3333333333334,569.0,555.0,510.5,488.0,465.0,442.0
2016-12-18 10:45:00,66.5,577,510.5,11.525129982668977,10.75,6,1,0,533.0,541.6666666666666,559.0,546.0,488.0,465.0,442.0,427.0
2016-12-18 11:00:00,89.0,577,488.0,15.424610051993067,11.0,6,1,0,510.5,533.0,550.3333333333334,533.875,465.0,442.0,427.0,412.0
2016-12-18 11:15:00,112.0,577,465.0,19.410745233968804,11.25,6,1,0,488.0,510.5,541.6666666666666,518.2916666666666,442.0,427.0,412.0,398.0
2016-12-18 11:30:00,135.0,577,442.0,23.39688041594454,11.5,6,1,0,465.0,488.0,533.0,499.125,427.0,412.0,398.0,384.0
2016-12-18 11:45:00,150.0,577,427.0,25.99653379549394,11.75,6,1,0,442.0,465.0,510.5,476.375,412.0,398.0,384.0,362.0
2016-12-18 12:00:00,165.0,577,412.0,28.596187175043326,12.0,6,1,0,427.0,442.0,488.0,455.5,398.0,384.0,362.0,347.66666666666663
2016-12-18 12:15:00,179.0,577,398.0,31.022530329289427,12.25,6,1,0,412.0,427.0,465.0,436.5,384.0,362.0,347.66666666666663,333.33333333333337
2016-12-18 12:30:00,193.0,577,384.0,33.44887348353553,12.5,6,1,0,398.0,412.0,442.0,419.75,362.0,347.66666666666663,333.33333333333337,319.0
2016-12-18 12:45:00,215.0,577,362.0,37.26169844020797,12.75,6,1,0,384.0,398.0,427.0,405.25,347.66666666666663,333.33333333333337,319.0,293.5
2016-12-18 13:00:00,229.33333333333334,577,347.66666666666663,39.74581166955517,13.0,6,1,0,362.0,384.0,412.0,389.0,333.33333333333337,319.0,293.5,268.0
2016-12-18 13:15:00,243.66666666666666,577,333.33333333333337,42.22992489890237,13.25,6,1,0,347.66666666666663,362.0,398.0,372.91666666666663,319.0,293.5,268.0,267.5
2016-12-18 13:30:00,258.0,577,319.0,44.71403812824957,13.5,6,1,0,333.33333333333337,347.66666666666663,384.0,356.75,293.5,268.0,267.5,267.0
2016-12-18 13:45:00,283.5,577,293.5,49.13344887348354,13.75,6,1,0,319.0,333.33333333333337,362.0,340.5,268.0,267.5,267.0,274.0
2016-12-18 14:00:00,309.0,577,268.0,53.552859618717505,14.0,6,1,0,293.5,319.0,347.66666666666663,323.375,267.5,267.0,274.0,277.3333333333333
2016-12-18 14:15:00,309.5,577,267.5,53.639514731369154,14.25,6,1,0,268.0,293.5,333.33333333333337,303.45833333333337,267.0,274.0,277.3333333333333,280.6666666666667
2016-12-18 14:30:00,310.0,577,267.0,53.7261698440208,14.5,6,1,0,267.5,268.0,319.0,287.0,274.0,277.3333333333333,280.6666666666667,284.0
2016-12-18 14:45:00,303.0,577,274.0,52.512998266897746,14.75,6,1,0,267.0,267.5,293.5,274.0,277.3333333333333,280.6666666666667,284.0,307.0
2016-12-18 15:00:00,299.6666666666667,577,277.3333333333333,51.93529751588677,15.0,6,1,0,274.0,267.0,268.0,269.125,280.6666666666667,284.0,307.0,330.0
2016-12-18 15:15:00,296.3333333333333,577,280.6666666666667,51.357596764875794,15.25,6,1,0,277.3333333333333,274.0,267.5,271.4583333333333,284.0,307.0,330.0,350.5
2016-12-18 15:30:00,293.0,577,284.0,50.77989601386482,15.5,6,1,0,280.6666666666667,277.3333333333333,267.0,274.75,307.0,330.0,350.5,371.0
2016-12-18 15:45:00,270.0,577,307.0,46.79376083188908,15.75,6,1,0,284.0,280.6666666666667,274.0,279.0,330.0,350.5,371.0,374.14516129032256
2016-12-18 16:00:00,247.0,577,330.0,42.80762564991335,16.0,6,1,0,307.0,284.0,277.3333333333333,287.25,350.5,371.0,374.14516129032256,377.2903225806451
2016-12-19 09:00:00,24.0,577,553.0,4.15944540727903,9.0,0,0,1,556.5,560.0,566.0,561.375,545.0,537.0,520.0,506.6666666666667
2016-12-19 09:15:00,32.0,577,545.0,5.545927209705372,9.25,0,0,1,553.0,556.5,563.0,558.125,537.0,520.0,506.6666666666667,493.3333333333333
2016-12-19 09:30:00,40.0,577,537.0,6.932409012131716,9.5,0,0,1,545.0,553.0,560.0,553.625,520.0,506.6666666666667,493.3333333333333,480.0
2016-12-19 09:45:00,57.0,577,520.0,9.878682842287695,9.75,0,0,1,537.0,545.0,556.5,547.875,506.6666666666667,493.3333333333333,480.0,461.5
2016-12-19 10:00:00,70.33333333333333,577,506.6666666666667,12.1894858463316,10.0,0,0,1,520.0,537.0,553.0,538.75,493.3333333333333,480.0,461.5,443.0
2016-12-19 10:15:00,83.66666666666667,577,493.3333333333333,14.500288850375506,10.25,0,0,0,506.6666666666667,520.0,545.0,527.1666666666666,480.0,461.5,443.0,422.5
2016-12-19 10:30:00,97.0,577,480.0,16.81109185441941,10.5,0,0,0,493.3333333333333,506.6666666666667,537.0,514.25,461.5,443.0,422.5,402.0
2016-12-19 10:45:00,115.5,577,461.5,20.01733102253033,10.75,0,0,0,480.0,493.3333333333333,520.0,500.0,443.0,422.5,402.0,381.5
2016-12-19 11:00:00,134.0,577,443.0,23.223570190641247,11.0,0,0,0,461.5,480.0,506.6666666666667,485.375,422.5,402.0,381.5,361.0
2016-12-19 11:15:00,154.5,577,422.5,26.776429809358753,11.25,0,0,0,443.0,461.5,493.3333333333333,469.4583333333333,402.0,381.5,361.0,344.5
2016-12-19 11:30:00,175.0,577,402.0,30.329289428076255,11.5,0,0,0,422.5,443.0,480.0,451.75,381.5,361.0,344.5,328.0
2016-12-19 11:45:00,195.5,577,381.5,33.882149046793764,11.75,0,0,0,402.0,422.5,461.5,432.25,361.0,344.5,328.0,314.0
2016-12-19 12:00:00,216.0,577,361.0,37.43500866551127,12.0,0,0,0,381.5,402.0,443.0,412.25,344.5,328.0,314.0,300.0
2016-12-19 12:15:00,232.5,577,344.5,40.294627383015595,12.25,0,0,0,361.0,381.5,422.5,391.75,328.0,314.0,300.0,293.0
2016-12-19 12:30:00,249.0,577,328.0,43.154246100519934,12.5,0,0,0,344.5,361.0,402.0,372.25,314.0,300.0,293.0,286.0
2016-12-19 12:45:00,263.0,577,314.0,45.58058925476603,12.75,0,0,0,328.0,344.5,381.5,353.75,300.0,293.0,286.0,279.0
2016-12-19 13:00:00,277.0,577,300.0,48.00693240901213,13.0,0,0,0,314.0,328.0,361.0,336.875,293.0,286.0,279.0,272.0
2016-12-19 13:15:00,284.0,577,293.0,49.220103986135186,13.25,0,0,0,300.0,314.0,344.5,321.625,286.0,279.0,272.0,270.0
2016-12-19 13:30:00,291.0,577,286.0,50.43327556325823,13.5,0,0,0,293.0,300.0,328.0,308.75,279.0,272.0,270.0,268.0
2016-12-19 13:45:00,298.0,577,279.0,51.64644714038128,13.75,0,0,0,286.0,293.0,314.0,298.25,272.0,270.0,268.0,272.5
2016-12-19 14:00:00,305.0,577,272.0,52.85961871750433,14.0,0,0,0,279.0,286.0,300.0,289.5,270.0,268.0,272.5,277.0
2016-12-19 14:15:00,307.0,577,270.0,53.20623916811091,14.25,0,0,0,272.0,279.0,293.0,282.5,268.0,272.5,277.0,303.0
2016-12-19 14:30:00,309.0,577,268.0,53.552859618717505,14.5,0,0,0,270.0,272.0,286.0,276.75,272.5,277.0,303.0,317.6666666666667
2016-12-19 14:45:00,304.5,577,272.5,52.772963604852684,14.75,0,0,0,268.0,270.0,279.0,272.25,277.0,303.0,317.6666666666667,332.33333333333337
2016-12-19 15:00:00,300.0,577,277.0,51.99306759098788,15.0,0,0,0,272.5,268.0,272.0,270.625,303.0,317.6666666666667,332.33333333333337,347.0
2016-12-19 15:15:00,274.0,577,303.0,47.487001733102254,15.25,0,0,0,277.0,272.5,270.0,271.875,317.6666666666667,332.33333333333337,347.0,365.5
2016-12-19 15:30:00,259.3333333333333,577,317.6666666666667,44.94511842865395,15.5,0,0,0,303.0,277.0,268.0,280.125,332.33333333333337,347.0,365.5,384.0
